sample_id,outcome,smell,entity_type,repository,path,start_line,end_line,code_name,detail
3725378,no_entity,long method,function,git@github.com:alibaba/jvm-sandbox.git,/sandbox-core/src/main/java/com/alibaba/jvm/sandbox/core/util/matcher/structure/ClassStructureImplByAsm.java,397,415,com.alibaba.jvm.sandbox.core.util.matcher.structure.ClassStructureImplByAsm#initialValue,line 397
3917525,no_file,long method,function,git@github.com:apache/accumulo.git,/proxy/src/main/java/org/apache/accumulo/proxy/thrift/AccumuloProxy.java,116244,116247,org.apache.accumulo.proxy.thrift.AccumuloProxy.renameNamespace_args.findByName java.lang.String,proxy/src/main/java/org/apache/accumulo/proxy/thrift/AccumuloProxy.java
3917547,no_file,long method,function,git@github.com:apache/accumulo.git,/proxy/src/main/java/org/apache/accumulo/proxy/thrift/AccumuloProxy.java,116384,116387,org.apache.accumulo.proxy.thrift.AccumuloProxy.renameNamespace_args#setNewNamespaceName java.lang.String,proxy/src/main/java/org/apache/accumulo/proxy/thrift/AccumuloProxy.java
3927368,no_file,feature envy,function,git@github.com:apache/accumulo.git,/proxy/src/main/java/org/apache/accumulo/proxy/thrift/AccumuloProxy.java,28634,28646,org.apache.accumulo.proxy.thrift.AccumuloProxy.cancelCompaction_args.cancelCompaction_argsTupleScheme#read org.apache.thrift.protocol.TProtocol|cancelCompaction_args,proxy/src/main/java/org/apache/accumulo/proxy/thrift/AccumuloProxy.java
3931780,no_file,blob,class,git@github.com:apache/accumulo.git,/proxy/src/main/java/org/apache/accumulo/proxy/thrift/AccumuloProxy.java,30526,31009,org.apache.accumulo.proxy.thrift.AccumuloProxy.deleteTable_args,proxy/src/main/java/org/apache/accumulo/proxy/thrift/AccumuloProxy.java
3900213,no_file,blob,class,git@github.com:apache/accumulo.git,/proxy/src/main/java/org/apache/accumulo/proxy/thrift/AccumuloProxy.java,7755,7786,org.apache.accumulo.proxy.thrift.AccumuloProxy.Processor.exportTable,proxy/src/main/java/org/apache/accumulo/proxy/thrift/AccumuloProxy.java
3844294,no_file,long method,function,git@github.com:apache/accumulo.git,/proxy/src/main/java/org/apache/accumulo/proxy/thrift/AccumuloProxy.java,126929,126932,org.apache.accumulo.proxy.thrift.AccumuloProxy.listNamespaceIterators_result#setOuch1 AccumuloException,proxy/src/main/java/org/apache/accumulo/proxy/thrift/AccumuloProxy.java
3836401,no_file,blob,class,git@github.com:apache/accumulo.git,/proxy/src/main/java/org/apache/accumulo/proxy/thrift/AccumuloProxy.java,9054,9083,org.apache.accumulo.proxy.thrift.AccumuloProxy.Processor.grantSystemPermission,proxy/src/main/java/org/apache/accumulo/proxy/thrift/AccumuloProxy.java
3831179,no_file,long method,function,git@github.com:apache/accumulo.git,/proxy/src/main/java/org/apache/accumulo/proxy/thrift/AccumuloProxy.java,29279,29293,org.apache.accumulo.proxy.thrift.AccumuloProxy.createTable_args.findByThriftId int,proxy/src/main/java/org/apache/accumulo/proxy/thrift/AccumuloProxy.java
3885890,no_file,data class,class,git@github.com:apache/accumulo.git,/proxy/src/main/java/org/apache/accumulo/proxy/thrift/AccumuloProxy.java,3852,3878,org.apache.accumulo.proxy.thrift.AccumuloProxy.AsyncClient.cancelCompaction_call,proxy/src/main/java/org/apache/accumulo/proxy/thrift/AccumuloProxy.java
3819885,no_file,long method,function,git@github.com:apache/accumulo.git,/proxy/src/main/java/org/apache/accumulo/proxy/thrift/AccumuloProxy.java,107318,107329,org.apache.accumulo.proxy.thrift.AccumuloProxy.updateRowsConditionally_args#getFieldValue _Fields,proxy/src/main/java/org/apache/accumulo/proxy/thrift/AccumuloProxy.java
3834247,no_file,long method,function,git@github.com:apache/accumulo.git,/proxy/src/main/java/org/apache/accumulo/proxy/thrift/AccumuloProxy.java,126206,126230,org.apache.accumulo.proxy.thrift.AccumuloProxy.getNamespaceIteratorSetting_result.getNamespaceIteratorSetting_resultTupleScheme#read org.apache.thrift.protocol.TProtocol|getNamespaceIteratorSetting_result,proxy/src/main/java/org/apache/accumulo/proxy/thrift/AccumuloProxy.java
3919373,no_file,long method,function,git@github.com:apache/accumulo.git,/proxy/src/main/java/org/apache/accumulo/proxy/thrift/AccumuloProxy.java,51667,51671,org.apache.accumulo.proxy.thrift.AccumuloProxy.offlineTable_result#setOuch2IsSet boolean,proxy/src/main/java/org/apache/accumulo/proxy/thrift/AccumuloProxy.java
3926659,no_file,feature envy,function,git@github.com:apache/accumulo.git,/proxy/src/main/java/org/apache/accumulo/proxy/thrift/AccumuloProxy.java,68499,68504,org.apache.accumulo.proxy.thrift.AccumuloProxy.getSiteConfiguration_args.getSiteConfiguration_args java.nio.ByteBuffer,proxy/src/main/java/org/apache/accumulo/proxy/thrift/AccumuloProxy.java
3839255,no_file,long method,function,git@github.com:apache/accumulo.git,/proxy/src/main/java/org/apache/accumulo/proxy/thrift/AccumuloProxy.java,81803,81814,org.apache.accumulo.proxy.thrift.AccumuloProxy.grantSystemPermission_result#getFieldValue _Fields,proxy/src/main/java/org/apache/accumulo/proxy/thrift/AccumuloProxy.java
3930845,no_file,feature envy,function,git@github.com:apache/accumulo.git,/proxy/src/main/java/org/apache/accumulo/proxy/thrift/AccumuloProxy.java,37772,37778,org.apache.accumulo.proxy.thrift.AccumuloProxy.getLocalityGroups_result#writeObject java.io.ObjectOutputStream,proxy/src/main/java/org/apache/accumulo/proxy/thrift/AccumuloProxy.java
8738655,no_file,blob,class,git@github.com:apache/airavata.git,/modules/registry/registry-server/registry-api-stubs/src/main/java/org/apache/airavata/registry/api/RegistryService.java,153508,153512,org.apache.airavata.registry.api.RegistryService.updateWorkflow_args.updateWorkflow_argsStandardSchemeFactory,modules/registry/registry-server/registry-api-stubs/src/main/java/org/apache/airavata/registry/api/RegistryService.java
8792283,no_file,blob,class,git@github.com:apache/airavata.git,/airavata-api/airavata-api-stubs/src/main/java/org/apache/airavata/api/Airavata.java,33809,33879,org.apache.airavata.api.Airavata.AsyncProcessor.getChildDataProducts,airavata-api/airavata-api-stubs/src/main/java/org/apache/airavata/api/Airavata.java
8796174,no_file,blob,class,git@github.com:apache/airavata.git,/airavata-api/airavata-api-stubs/src/main/java/org/apache/airavata/api/Airavata.java,80311,81098,org.apache.airavata.api.Airavata.createExperiment_result,airavata-api/airavata-api-stubs/src/main/java/org/apache/airavata/api/Airavata.java
8728601,no_file,feature envy,function,git@github.com:apache/airavata.git,/modules/registry/registry-server/registry-api-stubs/src/main/java/org/apache/airavata/registry/api/RegistryService.java,20364,20366,org.apache.airavata.registry.api.RegistryService.AsyncProcessor.updateUnicoreJobSubmissionDetails#getEmptyArgsInstance,modules/registry/registry-server/registry-api-stubs/src/main/java/org/apache/airavata/registry/api/RegistryService.java
8768716,no_file,feature envy,function,git@github.com:apache/airavata.git,/airavata-api/airavata-api-stubs/src/main/java/org/apache/airavata/api/Airavata.java,19064,19066,org.apache.airavata.api.Airavata.Processor.addSSHJobSubmissionDetails#getEmptyArgsInstance,airavata-api/airavata-api-stubs/src/main/java/org/apache/airavata/api/Airavata.java
8845555,no_file,data class,class,git@github.com:apache/airavata.git,/airavata-api/airavata-api-stubs/src/main/java/org/apache/airavata/api/Airavata.java,251296,251300,org.apache.airavata.api.Airavata.registerDataProduct_result.registerDataProduct_resultStandardSchemeFactory,airavata-api/airavata-api-stubs/src/main/java/org/apache/airavata/api/Airavata.java
8845696,no_file,blob,class,git@github.com:apache/airavata.git,/airavata-api/airavata-api-stubs/src/main/java/org/apache/airavata/api/Airavata.java,119697,119701,org.apache.airavata.api.Airavata.registerApplicationInterface_result.registerApplicationInterface_resultTupleSchemeFactory,airavata-api/airavata-api-stubs/src/main/java/org/apache/airavata/api/Airavata.java
8790597,no_file,blob,class,git@github.com:apache/airavata.git,/airavata-api/airavata-api-stubs/src/main/java/org/apache/airavata/api/Airavata.java,138297,138356,org.apache.airavata.api.Airavata.registerStorageResource_args.registerStorageResource_argsStandardScheme,airavata-api/airavata-api-stubs/src/main/java/org/apache/airavata/api/Airavata.java
8811340,no_file,blob,class,git@github.com:apache/airavata.git,/airavata-api/airavata-api-stubs/src/main/java/org/apache/airavata/api/Airavata.java,215954,216513,org.apache.airavata.api.Airavata.isSSHSetupCompleteForUserComputeResourcePreference_args,airavata-api/airavata-api-stubs/src/main/java/org/apache/airavata/api/Airavata.java
8811171,no_file,blob,class,git@github.com:apache/airavata.git,/airavata-api/airavata-api-stubs/src/main/java/org/apache/airavata/api/Airavata.java,252554,252655,org.apache.airavata.api.Airavata.getDataProduct_result.getDataProduct_resultStandardScheme,airavata-api/airavata-api-stubs/src/main/java/org/apache/airavata/api/Airavata.java
8728960,no_file,blob,class,git@github.com:apache/airavata.git,/modules/registry/registry-server/registry-api-stubs/src/main/java/org/apache/airavata/registry/api/RegistryService.java,15182,15204,org.apache.airavata.registry.api.RegistryService.Processor.getAllUserResourceProfiles,modules/registry/registry-server/registry-api-stubs/src/main/java/org/apache/airavata/registry/api/RegistryService.java
8819009,no_file,long method,function,git@github.com:apache/airavata.git,/airavata-api/airavata-api-stubs/src/main/java/org/apache/airavata/api/Airavata.java,81728,81732,org.apache.airavata.api.Airavata.deleteExperiment_result#setSuccess boolean,airavata-api/airavata-api-stubs/src/main/java/org/apache/airavata/api/Airavata.java
8845205,no_file,long method,function,git@github.com:apache/airavata.git,/airavata-api/airavata-api-stubs/src/main/java/org/apache/airavata/api/Airavata.java,40914,40918,org.apache.airavata.api.Airavata.getGateway_args.findByThriftIdOrThrow int,airavata-api/airavata-api-stubs/src/main/java/org/apache/airavata/api/Airavata.java
8833156,no_file,long method,function,git@github.com:apache/airavata.git,/airavata-api/airavata-api-stubs/src/main/java/org/apache/airavata/api/Airavata.java,250896,250900,org.apache.airavata.api.Airavata.registerDataProduct_result#setIreIsSet boolean,airavata-api/airavata-api-stubs/src/main/java/org/apache/airavata/api/Airavata.java
8791150,no_file,blob,class,git@github.com:apache/airavata.git,/modules/registry/registry-server/registry-api-stubs/src/main/java/org/apache/airavata/registry/api/RegistryService.java,139622,139692,org.apache.airavata.registry.api.RegistryService.getUserComputeResourcePreference_args.getUserComputeResourcePreference_argsStandardScheme,modules/registry/registry-server/registry-api-stubs/src/main/java/org/apache/airavata/registry/api/RegistryService.java
8850427,no_file,data class,class,git@github.com:apache/airavata.git,/airavata-api/airavata-api-stubs/src/main/java/org/apache/airavata/api/Airavata.java,26353,26423,org.apache.airavata.api.Airavata.AsyncProcessor.getAppModuleDeployedResources,airavata-api/airavata-api-stubs/src/main/java/org/apache/airavata/api/Airavata.java
8728404,no_file,long method,function,git@github.com:apache/airavata.git,/airavata-api/airavata-api-stubs/src/main/java/org/apache/airavata/api/Airavata.java,125848,125852,org.apache.airavata.api.Airavata.getAllApplicationInterfaceNames_result#setAeIsSet boolean,airavata-api/airavata-api-stubs/src/main/java/org/apache/airavata/api/Airavata.java
8829081,no_file,data class,class,git@github.com:apache/airavata.git,/airavata-api/airavata-api-stubs/src/main/java/org/apache/airavata/api/Airavata.java,154355,154373,org.apache.airavata.api.Airavata.getUnicoreJobSubmission_args.getUnicoreJobSubmission_argsTupleScheme,airavata-api/airavata-api-stubs/src/main/java/org/apache/airavata/api/Airavata.java
8845236,no_file,long method,function,git@github.com:apache/airavata.git,/airavata-api/airavata-api-stubs/src/main/java/org/apache/airavata/api/Airavata.java,41204,41216,org.apache.airavata.api.Airavata.getGateway_args#validate,airavata-api/airavata-api-stubs/src/main/java/org/apache/airavata/api/Airavata.java
8822271,no_file,blob,class,git@github.com:apache/airavata.git,/modules/registry/registry-server/registry-api-stubs/src/main/java/org/apache/airavata/registry/api/RegistryService.java,72161,72513,org.apache.airavata.registry.api.RegistryService.getAllApplicationInterfaceNames_args,modules/registry/registry-server/registry-api-stubs/src/main/java/org/apache/airavata/registry/api/RegistryService.java
8855150,no_file,blob,class,git@github.com:apache/airavata.git,/airavata-api/airavata-api-stubs/src/main/java/org/apache/airavata/api/Airavata.java,20095,20123,org.apache.airavata.api.Airavata.Processor.getGatewayResourceProfile,airavata-api/airavata-api-stubs/src/main/java/org/apache/airavata/api/Airavata.java
8857529,no_file,long method,function,git@github.com:apache/airavata.git,/airavata-api/airavata-api-stubs/src/main/java/org/apache/airavata/api/Airavata.java,104632,104638,org.apache.airavata.api.Airavata.registerApplicationModule_args.registerApplicationModule_argsTupleScheme#write org.apache.thrift.protocol.TProtocol|registerApplicationModule_args,airavata-api/airavata-api-stubs/src/main/java/org/apache/airavata/api/Airavata.java
8731323,no_file,data class,class,git@github.com:apache/airavata.git,/modules/registry/registry-server/registry-api-stubs/src/main/java/org/apache/airavata/registry/api/RegistryService.java,153936,153961,org.apache.airavata.registry.api.RegistryService.updateWorkflow_result.updateWorkflow_resultTupleScheme,modules/registry/registry-server/registry-api-stubs/src/main/java/org/apache/airavata/registry/api/RegistryService.java
8856936,no_file,long method,function,git@github.com:apache/airavata.git,/airavata-api/airavata-api-stubs/src/main/java/org/apache/airavata/api/Airavata.java,123344,123387,org.apache.airavata.api.Airavata.updateApplicationInterface_result#setFieldValue _Fields|Object,airavata-api/airavata-api-stubs/src/main/java/org/apache/airavata/api/Airavata.java
8793481,no_file,data class,class,git@github.com:apache/airavata.git,/modules/registry/registry-server/registry-api-stubs/src/main/java/org/apache/airavata/registry/api/RegistryService.java,51519,51566,org.apache.airavata.registry.api.RegistryService.getDetailedExperimentTree_result.getDetailedExperimentTree_resultTupleScheme,modules/registry/registry-server/registry-api-stubs/src/main/java/org/apache/airavata/registry/api/RegistryService.java
8813925,no_file,long method,function,git@github.com:apache/airavata.git,/airavata-api/airavata-api-stubs/src/main/java/org/apache/airavata/api/Airavata.java,6091,6111,org.apache.airavata.api.Airavata.Client#recv_registerComputeResource,airavata-api/airavata-api-stubs/src/main/java/org/apache/airavata/api/Airavata.java
8155972,no_file,long method,function,git@github.com:apache/axis1-java.git,/axis-rt-core/src/main/java/org/apache/axis/message/MessageElement.java,962,968,org.apache.axis.message.MessageElement#addAttribute String|String|String,axis-rt-core/src/main/java/org/apache/axis/message/MessageElement.java
8155488,no_file,data class,class,git@github.com:apache/axis1-java.git,/samples/transport-sample/src/main/java/samples/transport/tcp/TCPSender.java,36,105,samples.transport.tcp.TCPSender,samples/transport-sample/src/main/java/samples/transport/tcp/TCPSender.java
8158565,no_file,feature envy,function,git@github.com:apache/axis1-java.git,/axis-rt-core/src/main/java/org/apache/axis/client/Call.java,2980,2983,org.apache.axis.client.Call#getOperation,axis-rt-core/src/main/java/org/apache/axis/client/Call.java
8152732,no_file,blob,class,git@github.com:apache/axis1-java.git,/samples/transport-sample/src/main/java/samples/transport/FileTransport.java,28,34,samples.transport.FileTransport,samples/transport-sample/src/main/java/samples/transport/FileTransport.java
8154696,no_file,feature envy,function,git@github.com:apache/axis1-java.git,/axis-rt-transport-jms/src/main/java/org/apache/axis/transport/jms/SimpleJMSListener.java,142,151,org.apache.axis.transport.jms.SimpleJMSListener.createConnectorMap Options,axis-rt-transport-jms/src/main/java/org/apache/axis/transport/jms/SimpleJMSListener.java
8154467,no_file,blob,class,git@github.com:apache/axis1-java.git,/samples/integrationguide-sample/src/main/java/samples/integrationGuide/example2/MyEmitter.java,20,41,samples.integrationGuide.example2.MyEmitter,samples/integrationguide-sample/src/main/java/samples/integrationGuide/example2/MyEmitter.java
8158039,no_file,long method,function,git@github.com:apache/axis1-java.git,/samples/integrationguide-sample/src/main/java/samples/integrationGuide/example2/WSDL2Useless.java,42,55,samples.integrationGuide.example2.WSDL2Useless#parseOption CLOption,samples/integrationguide-sample/src/main/java/samples/integrationGuide/example2/WSDL2Useless.java
8151887,no_file,data class,class,git@github.com:apache/axis1-java.git,/axis-rt-core/src/main/java/org/apache/axis/wsdl/SkeletonImpl.java,25,225,org.apache.axis.wsdl.SkeletonImpl,axis-rt-core/src/main/java/org/apache/axis/wsdl/SkeletonImpl.java
8152579,no_file,long method,function,git@github.com:apache/axis1-java.git,/axis-rt-transport-jms/src/main/java/org/apache/axis/transport/jms/JMSEndpoint.java,106,110,org.apache.axis.transport.jms.JMSEndpoint#registerListener MessageListener,axis-rt-transport-jms/src/main/java/org/apache/axis/transport/jms/JMSEndpoint.java
8156464,no_file,blob,class,git@github.com:apache/axis1-java.git,/axis-rt-transport-jms/src/main/java/org/apache/axis/transport/jms/TopicConnector.java,46,428,org.apache.axis.transport.jms.TopicConnector,axis-rt-transport-jms/src/main/java/org/apache/axis/transport/jms/TopicConnector.java
3999557,no_file,blob,class,git@github.com:apache/axis2-java.git,/modules/kernel/src/org/apache/axis2/builder/unknowncontent/InputStreamDataSource.java,28,61,org.apache.axis2.builder.unknowncontent.InputStreamDataSource,modules/kernel/src/org/apache/axis2/builder/unknowncontent/InputStreamDataSource.java
4003132,no_file,feature envy,function,git@github.com:apache/axis2-java.git,/modules/kernel/src/org/apache/axis2/receivers/AbstractMessageReceiver.java,60,62,org.apache.axis2.receivers.AbstractMessageReceiver#replicateState MessageContext,modules/kernel/src/org/apache/axis2/receivers/AbstractMessageReceiver.java
4002865,no_file,blob,class,git@github.com:apache/axis2-java.git,/modules/samples/userguide/src/userguide/clients/EchoNonBlockingClient.java,34,99,userguide.clients.EchoNonBlockingClient,modules/samples/userguide/src/userguide/clients/EchoNonBlockingClient.java
4002578,no_file,long method,function,git@github.com:apache/axis2-java.git,/modules/kernel/src/org/apache/axis2/description/ModuleConfiguration.java,58,64,org.apache.axis2.description.ModuleConfiguration#removeParameter Parameter,modules/kernel/src/org/apache/axis2/description/ModuleConfiguration.java
4002584,no_file,data class,class,git@github.com:apache/axis2-java.git,/modules/kernel/src/org/apache/axis2/util/CommandLineOption.java,24,96,org.apache.axis2.util.CommandLineOption,modules/kernel/src/org/apache/axis2/util/CommandLineOption.java
4016005,no_file,blob,class,git@github.com:apache/axis2-java.git,/modules/transport/testkit/src/main/java/org/apache/axis2/transport/testkit/endpoint/AsyncEndpoint.java,54,62,org.apache.axis2.transport.testkit.endpoint.AsyncEndpoint,modules/transport/testkit/src/main/java/org/apache/axis2/transport/testkit/endpoint/AsyncEndpoint.java
4009754,no_file,long method,function,git@github.com:apache/axis2-java.git,/modules/corba/src/org/apache/axis2/corba/deployer/SchemaGenerator.java,791,796,org.apache.axis2.corba.deployer.SchemaGenerator#getExtraClasses,modules/corba/src/org/apache/axis2/corba/deployer/SchemaGenerator.java
4003482,no_file,long method,function,git@github.com:apache/axis2-java.git,/modules/metadata/src/org/apache/axis2/jaxws/description/DescriptionKey.java,123,132,org.apache.axis2.jaxws.description.DescriptionKey#printKey,modules/metadata/src/org/apache/axis2/jaxws/description/DescriptionKey.java
4002575,no_file,blob,class,git@github.com:apache/axis2-java.git,/modules/kernel/src/org/apache/axis2/description/ModuleConfiguration.java,37,99,org.apache.axis2.description.ModuleConfiguration,modules/kernel/src/org/apache/axis2/description/ModuleConfiguration.java
3996032,no_file,data class,class,git@github.com:apache/axis2-java.git,/modules/transport/testkit/src/main/java/org/apache/axis2/transport/testkit/http/JettyEchoEndpoint.java,36,59,org.apache.axis2.transport.testkit.http.JettyEchoEndpoint,modules/transport/testkit/src/main/java/org/apache/axis2/transport/testkit/http/JettyEchoEndpoint.java
4006002,no_file,long method,function,git@github.com:apache/axis2-java.git,/modules/jaxws/src/org/apache/axis2/jaxws/binding/BindingUtils.java,92,97,org.apache.axis2.jaxws.binding.BindingUtils.isHTTPBinding String,modules/jaxws/src/org/apache/axis2/jaxws/binding/BindingUtils.java
4003492,no_file,blob,class,git@github.com:apache/axis2-java.git,/modules/transport/testkit/src/main/java/org/apache/axis2/transport/testkit/ManagedTestSuite.java,40,131,org.apache.axis2.transport.testkit.ManagedTestSuite,modules/transport/testkit/src/main/java/org/apache/axis2/transport/testkit/ManagedTestSuite.java
4022541,no_file,long method,function,git@github.com:apache/axis2-java.git,/modules/metadata/src/org/apache/axis2/jaxws/description/impl/DescriptionFactoryImpl.java,413,445,org.apache.axis2.jaxws.description.impl.DescriptionFactoryImpl.updateEndpoint ServiceDescription|Class|EndpointReference|String|DescriptionFactory.UpdateType|DescriptionBuilderComposite|Object|String|String,modules/metadata/src/org/apache/axis2/jaxws/description/impl/DescriptionFactoryImpl.java
4012308,no_file,blob,class,git@github.com:apache/axis2-java.git,/modules/transport/udp/src/main/java/org/apache/axis2/transport/udp/UDPOutTransportInfo.java,31,62,org.apache.axis2.transport.udp.UDPOutTransportInfo,modules/transport/udp/src/main/java/org/apache/axis2/transport/udp/UDPOutTransportInfo.java
4023846,no_file,long method,function,git@github.com:apache/axis2-java.git,/modules/soapmonitor/servlet/src/main/java/org/apache/axis2/soapmonitor/applet/SOAPMonitorApplet.java,398,429,org.apache.axis2.soapmonitor.applet.SOAPMonitorApplet.SOAPMonitorPage#stop,modules/soapmonitor/servlet/src/main/java/org/apache/axis2/soapmonitor/applet/SOAPMonitorApplet.java
4023677,no_file,long method,function,git@github.com:apache/axis2-java.git,/modules/transport/http/src/org/apache/axis2/transport/http/AxisServlet.java,668,687,org.apache.axis2.transport.http.AxisServlet#preprocessRequest HttpServletRequest,modules/transport/http/src/org/apache/axis2/transport/http/AxisServlet.java
4000540,no_file,blob,class,git@github.com:apache/axis2-java.git,/modules/kernel/src/org/apache/axis2/deployment/resolver/AARFileBasedURIResolver.java,39,113,org.apache.axis2.deployment.resolver.AARFileBasedURIResolver,modules/kernel/src/org/apache/axis2/deployment/resolver/AARFileBasedURIResolver.java
4472450,no_file,data class,class,git@github.com:apache/ctakes.git,/ctakes-ytex/src/main/java/org/apache/ctakes/ytex/kernel/metric/LinMetric.java,32,82,org.apache.ctakes.ytex.kernel.metric.LinMetric,ctakes-ytex/src/main/java/org/apache/ctakes/ytex/kernel/metric/LinMetric.java
4490338,no_file,feature envy,function,git@github.com:apache/ctakes.git,/ctakes-coreference/src/main/java/org/apache/ctakes/coreference/ae/features/cluster/MentionClusterStringFeaturesExtractor.java,35,105,org.apache.ctakes.coreference.ae.features.cluster.MentionClusterStringFeaturesExtractor#extract JCas|CollectionTextRelation|IdentifiedAnnotation,ctakes-coreference/src/main/java/org/apache/ctakes/coreference/ae/features/cluster/MentionClusterStringFeaturesExtractor.java
4491391,no_file,long method,function,git@github.com:apache/ctakes.git,/ctakes-core/src/main/java/org/apache/ctakes/core/cc/jdbc/i2b2/ObservationFactRow.java,121,138,org.apache.ctakes.core.cc.jdbc.i2b2.ObservationFactRow#initializeDocument JCas,ctakes-core/src/main/java/org/apache/ctakes/core/cc/jdbc/i2b2/ObservationFactRow.java
4494161,no_file,long method,function,git@github.com:apache/ctakes.git,/ctakes-core/src/main/java/org/apache/ctakes/core/cc/html/JsWriter.java,46,73,org.apache.ctakes.core.cc.html.JsWriter.getSwapInfoScript,ctakes-core/src/main/java/org/apache/ctakes/core/cc/html/JsWriter.java
4473015,no_file,long method,function,git@github.com:apache/ctakes.git,/ctakes-assertion-zoner/src/main/java/org/mitre/medfacts/uima/RunZoner.java,51,69,org.mitre.medfacts.uima.RunZoner.main String,ctakes-assertion-zoner/src/main/java/org/mitre/medfacts/uima/RunZoner.java
4475154,no_file,long method,function,git@github.com:apache/ctakes.git,/ctakes-coreference/src/main/java/org/apache/ctakes/coreference/util/AttributeCalculator.java,63,70,org.apache.ctakes.coreference.util.AttributeCalculator.isPronoun Markable,ctakes-coreference/src/main/java/org/apache/ctakes/coreference/util/AttributeCalculator.java
4472442,no_file,data class,class,git@github.com:apache/ctakes.git,/ctakes-core/src/main/java/org/apache/ctakes/core/util/FSUtil.java,40,143,org.apache.ctakes.core.util.FSUtil,ctakes-core/src/main/java/org/apache/ctakes/core/util/FSUtil.java
4480837,no_file,blob,class,git@github.com:apache/ctakes.git,/ctakes-temporal/src/main/java/org/apache/ctakes/temporal/nn/data/GoldEventPrinterWithLabels.java,55,209,org.apache.ctakes.temporal.nn.data.GoldEventPrinterWithLabels,ctakes-temporal/src/main/java/org/apache/ctakes/temporal/nn/data/GoldEventPrinterWithLabels.java
4486552,no_file,long method,function,git@github.com:apache/ctakes.git,/ctakes-dictionary-lookup/src/main/java/org/apache/ctakes/dictionary/lookup/filter/MetaDataPostLookupFilterImpl.java,64,76,org.apache.ctakes.dictionary.lookup.filter.MetaDataPostLookupFilterImpl#getMetaDataValue MetaDataHit,ctakes-dictionary-lookup/src/main/java/org/apache/ctakes/dictionary/lookup/filter/MetaDataPostLookupFilterImpl.java
4473448,no_file,blob,class,git@github.com:apache/ctakes.git,/ctakes-temporal/src/main/java/org/apache/ctakes/temporal/nn/eval/EvaluationOfNeuralJointRelations.java,496,538,org.apache.ctakes.temporal.nn.eval.EvaluationOfNeuralJointRelations.RemoveNonUMLSEvents,ctakes-temporal/src/main/java/org/apache/ctakes/temporal/nn/eval/EvaluationOfNeuralJointRelations.java
4491039,no_file,blob,class,git@github.com:apache/ctakes.git,/ctakes-relation-extractor/src/main/java/org/apache/ctakes/relationextractor/ae/baselines/Baseline2EntityMentionPairRelationExtractorAnnotator.java,41,130,org.apache.ctakes.relationextractor.ae.baselines.Baseline2EntityMentionPairRelationExtractorAnnotator,ctakes-relation-extractor/src/main/java/org/apache/ctakes/relationextractor/ae/baselines/Baseline2EntityMentionPairRelationExtractorAnnotator.java
4474548,no_file,feature envy,function,git@github.com:apache/ctakes.git,/ctakes-core/src/main/java/org/apache/ctakes/core/pipeline/GenerateSentenceBIODescriptors.java,17,24,org.apache.ctakes.core.pipeline.GenerateSentenceBIODescriptors.main String[],ctakes-core/src/main/java/org/apache/ctakes/core/pipeline/GenerateSentenceBIODescriptors.java
4493181,no_file,blob,class,git@github.com:apache/ctakes.git,/ctakes-temporal/src/main/java/org/apache/ctakes/temporal/eval/NeuralEventTimeRelationsEvaluation.java,905,969,org.apache.ctakes.temporal.eval.NeuralEventTimeRelationsEvaluation.CountCloseRelation,ctakes-temporal/src/main/java/org/apache/ctakes/temporal/eval/NeuralEventTimeRelationsEvaluation.java
4488901,no_file,long method,function,git@github.com:apache/ctakes.git,/ctakes-core/src/main/java/org/apache/ctakes/core/cleartk/SumContext.java,44,73,org.apache.ctakes.core.cleartk.SumContext#extract JCas|Annotation|Bounds|Class<SEARCH_T>|FeatureExtractor1<SEARCH_T>,ctakes-core/src/main/java/org/apache/ctakes/core/cleartk/SumContext.java
4487855,no_file,blob,class,git@github.com:apache/ctakes.git,/ctakes-temporal/src/main/java/org/apache/ctakes/temporal/nn/data/GoldEventPrinterWithLabels.java,57,70,org.apache.ctakes.temporal.nn.data.GoldEventPrinterWithLabels.Options,ctakes-temporal/src/main/java/org/apache/ctakes/temporal/nn/data/GoldEventPrinterWithLabels.java
4479629,no_file,blob,class,git@github.com:apache/ctakes.git,/ctakes-ytex/src/main/java/org/apache/ctakes/ytex/kernel/model/FeatureRank.java,48,60,org.apache.ctakes.ytex.kernel.model.FeatureRank.FeatureRankAsc,ctakes-ytex/src/main/java/org/apache/ctakes/ytex/kernel/model/FeatureRank.java
4473720,no_file,long method,function,git@github.com:apache/ctakes.git,/ctakes-ytex/src/main/java/org/apache/ctakes/ytex/kernel/SparseDataExporterImpl.java,275,287,"org.apache.ctakes.ytex.kernel.SparseDataExporterImpl#prepare String|String|Map<String, Object>",ctakes-ytex/src/main/java/org/apache/ctakes/ytex/kernel/SparseDataExporterImpl.java
4493485,no_file,feature envy,function,git@github.com:apache/ctakes.git,/ctakes-temporal/src/main/java/org/apache/ctakes/temporal/eval/EvaluationOfEventProperties.java,330,339,org.apache.ctakes.temporal.eval.EvaluationOfEventProperties.getPropertyGetter String,ctakes-temporal/src/main/java/org/apache/ctakes/temporal/eval/EvaluationOfEventProperties.java
8778114,span_mismatch,blob,class,git@github.com:apache/hadoop-common.git,/hadoop-yarn-project/hadoop-yarn/hadoop-yarn-common/src/main/java/org/apache/hadoop/yarn/webapp/hamlet/Hamlet.java,1488,2289,org.apache.hadoop.yarn.webapp.hamlet.Hamlet.TH,"ends at 1650, MLCQ says 2289"
9523314,syntax_errors,feature envy,function,git@github.com:apache/hadoop.git,/hadoop-yarn-project/hadoop-yarn/hadoop-yarn-common/src/main/java/org/apache/hadoop/yarn/webapp/hamlet/Hamlet.java,26623,26626,org.apache.hadoop.yarn.webapp.hamlet.Hamlet.CODE#a String|String|String,line 26623
8896304,no_file,data class,class,git@github.com:apache/hive.git,/standalone-metastore/metastore-common/src/gen/thrift/gen-javabean/org/apache/hadoop/hive/metastore/api/ThriftHiveMetastore.java,233896,233981,org.apache.hadoop.hive.metastore.api.ThriftHiveMetastore.drop_wm_pool_result.drop_wm_pool_resultStandardScheme,standalone-metastore/metastore-common/src/gen/thrift/gen-javabean/org/apache/hadoop/hive/metastore/api/ThriftHiveMetastore.java
8902918,no_file,blob,class,git@github.com:apache/hive.git,/standalone-metastore/metastore-common/src/gen/thrift/gen-javabean/org/apache/hadoop/hive/metastore/api/ThriftHiveMetastore.java,229053,229057,org.apache.hadoop.hive.metastore.api.ThriftHiveMetastore.drop_wm_trigger_args.drop_wm_trigger_argsTupleSchemeFactory,standalone-metastore/metastore-common/src/gen/thrift/gen-javabean/org/apache/hadoop/hive/metastore/api/ThriftHiveMetastore.java
8902566,no_file,feature envy,function,git@github.com:apache/hive.git,/standalone-metastore/metastore-common/src/gen/thrift/gen-javabean/org/apache/hadoop/hive/metastore/api/ThriftHiveMetastore.java,93486,93488,org.apache.hadoop.hive.metastore.api.ThriftHiveMetastore.append_partition_with_environment_context_result#getThriftFieldId,standalone-metastore/metastore-common/src/gen/thrift/gen-javabean/org/apache/hadoop/hive/metastore/api/ThriftHiveMetastore.java
8904876,no_file,feature envy,function,git@github.com:apache/hive.git,/standalone-metastore/metastore-common/src/gen/thrift/gen-javabean/org/apache/hadoop/hive/metastore/api/ThriftHiveMetastore.java,208634,208637,org.apache.hadoop.hive.metastore.api.ThriftHiveMetastore.mark_compacted_args#clear,standalone-metastore/metastore-common/src/gen/thrift/gen-javabean/org/apache/hadoop/hive/metastore/api/ThriftHiveMetastore.java
8905404,no_file,data class,class,git@github.com:apache/hive.git,/standalone-metastore/metastore-common/src/gen/thrift/gen-javabean/org/apache/hadoop/hive/metastore/api/ThriftHiveMetastore.java,47633,47637,org.apache.hadoop.hive.metastore.api.ThriftHiveMetastore.create_type_args.create_type_argsStandardSchemeFactory,standalone-metastore/metastore-common/src/gen/thrift/gen-javabean/org/apache/hadoop/hive/metastore/api/ThriftHiveMetastore.java
8951219,no_file,blob,class,git@github.com:apache/hive.git,/standalone-metastore/metastore-common/src/gen/thrift/gen-javabean/org/apache/hadoop/hive/metastore/api/ThriftHiveMetastore.java,12672,12695,org.apache.hadoop.hive.metastore.api.ThriftHiveMetastore.AsyncClient.abort_txn_call,standalone-metastore/metastore-common/src/gen/thrift/gen-javabean/org/apache/hadoop/hive/metastore/api/ThriftHiveMetastore.java
8953444,no_file,long method,function,git@github.com:apache/hive.git,/standalone-metastore/metastore-common/src/gen/thrift/gen-javabean/org/apache/hadoop/hive/metastore/api/ThriftHiveMetastore.java,82585,82587,org.apache.hadoop.hive.metastore.api.ThriftHiveMetastore.alter_table_result#read org.apache.thrift.protocol.TProtocol,standalone-metastore/metastore-common/src/gen/thrift/gen-javabean/org/apache/hadoop/hive/metastore/api/ThriftHiveMetastore.java
8952306,no_file,long method,function,git@github.com:apache/hive.git,/standalone-metastore/metastore-common/src/gen/thrift/gen-javabean/org/apache/hadoop/hive/metastore/api/ThriftHiveMetastore.java,98154,98156,org.apache.hadoop.hive.metastore.api.ThriftHiveMetastore.drop_partition_with_environment_context_args#unsetDb_name,standalone-metastore/metastore-common/src/gen/thrift/gen-javabean/org/apache/hadoop/hive/metastore/api/ThriftHiveMetastore.java
8914719,no_file,feature envy,function,git@github.com:apache/hive.git,/standalone-metastore/metastore-common/src/gen/thrift/gen-javabean/org/apache/hadoop/hive/metastore/api/ThriftHiveMetastore.java,131503,131505,org.apache.hadoop.hive.metastore.api.ThriftHiveMetastore.alter_partition_with_environment_context_args#unsetEnvironment_context,standalone-metastore/metastore-common/src/gen/thrift/gen-javabean/org/apache/hadoop/hive/metastore/api/ThriftHiveMetastore.java
8879106,no_file,blob,class,git@github.com:apache/hive.git,/standalone-metastore/metastore-common/src/gen/thrift/gen-javabean/org/apache/hadoop/hive/metastore/api/ThriftHiveMetastore.java,149388,149392,org.apache.hadoop.hive.metastore.api.ThriftHiveMetastore.update_partition_column_statistics_result.update_partition_column_statistics_resultTupleSchemeFactory,standalone-metastore/metastore-common/src/gen/thrift/gen-javabean/org/apache/hadoop/hive/metastore/api/ThriftHiveMetastore.java
8871773,no_file,blob,class,git@github.com:apache/hive.git,/standalone-metastore/metastore-common/src/gen/thrift/gen-javabean/org/apache/hadoop/hive/metastore/api/ThriftHiveMetastore.java,172318,172352,org.apache.hadoop.hive.metastore.api.ThriftHiveMetastore.list_roles_args.list_roles_argsTupleScheme,standalone-metastore/metastore-common/src/gen/thrift/gen-javabean/org/apache/hadoop/hive/metastore/api/ThriftHiveMetastore.java
8939140,no_file,long method,function,git@github.com:apache/hive.git,/standalone-metastore/metastore-common/src/gen/thrift/gen-javabean/org/apache/hadoop/hive/metastore/api/ThriftHiveMetastore.java,173127,173133,org.apache.hadoop.hive.metastore.api.ThriftHiveMetastore.grant_revoke_role_args#validate,standalone-metastore/metastore-common/src/gen/thrift/gen-javabean/org/apache/hadoop/hive/metastore/api/ThriftHiveMetastore.java
8960720,no_file,feature envy,function,git@github.com:apache/hive.git,/standalone-metastore/metastore-common/src/gen/thrift/gen-javabean/org/apache/hadoop/hive/metastore/api/ThriftHiveMetastore.java,77510,77514,org.apache.hadoop.hive.metastore.api.ThriftHiveMetastore.get_table_objects_by_name_req_result#setSuccessIsSet boolean,standalone-metastore/metastore-common/src/gen/thrift/gen-javabean/org/apache/hadoop/hive/metastore/api/ThriftHiveMetastore.java
8886007,no_file,blob,class,git@github.com:apache/hive.git,/standalone-metastore/metastore-common/src/gen/thrift/gen-javabean/org/apache/hadoop/hive/metastore/api/ThriftHiveMetastore.java,18896,18918,org.apache.hadoop.hive.metastore.api.ThriftHiveMetastore.Processor.cancel_delegation_token,standalone-metastore/metastore-common/src/gen/thrift/gen-javabean/org/apache/hadoop/hive/metastore/api/ThriftHiveMetastore.java
8955314,no_file,blob,class,git@github.com:apache/hive.git,/standalone-metastore/metastore-common/src/gen/thrift/gen-javabean/org/apache/hadoop/hive/metastore/api/ThriftHiveMetastore.java,64633,64676,org.apache.hadoop.hive.metastore.api.ThriftHiveMetastore.add_check_constraint_args.add_check_constraint_argsStandardScheme,standalone-metastore/metastore-common/src/gen/thrift/gen-javabean/org/apache/hadoop/hive/metastore/api/ThriftHiveMetastore.java
8968711,no_file,long method,function,git@github.com:apache/hive.git,/standalone-metastore/metastore-common/src/gen/thrift/gen-javabean/org/apache/hadoop/hive/metastore/api/ThriftHiveMetastore.java,189784,189794,org.apache.hadoop.hive.metastore.api.ThriftHiveMetastore.remove_master_key_result#hashCode,standalone-metastore/metastore-common/src/gen/thrift/gen-javabean/org/apache/hadoop/hive/metastore/api/ThriftHiveMetastore.java
8934244,no_file,long method,function,git@github.com:apache/hive.git,/standalone-metastore/metastore-common/src/gen/thrift/gen-javabean/org/apache/hadoop/hive/metastore/api/ThriftHiveMetastore.java,132160,132172,org.apache.hadoop.hive.metastore.api.ThriftHiveMetastore.alter_partition_with_environment_context_result#isSet _Fields,standalone-metastore/metastore-common/src/gen/thrift/gen-javabean/org/apache/hadoop/hive/metastore/api/ThriftHiveMetastore.java
8955824,no_file,blob,class,git@github.com:apache/hive.git,/standalone-metastore/metastore-common/src/gen/thrift/gen-javabean/org/apache/hadoop/hive/metastore/api/ThriftHiveMetastore.java,241837,241908,org.apache.hadoop.hive.metastore.api.ThriftHiveMetastore.add_schema_version_result.add_schema_version_resultStandardScheme,standalone-metastore/metastore-common/src/gen/thrift/gen-javabean/org/apache/hadoop/hive/metastore/api/ThriftHiveMetastore.java
8873169,no_file,long method,function,git@github.com:apache/hive.git,/standalone-metastore/metastore-common/src/gen/thrift/gen-javabean/org/apache/hadoop/hive/metastore/api/ThriftHiveMetastore.java,65076,65111,org.apache.hadoop.hive.metastore.api.ThriftHiveMetastore.add_check_constraint_result.add_check_constraint_resultStandardScheme#read org.apache.thrift.protocol.TProtocol|add_check_constraint_result,standalone-metastore/metastore-common/src/gen/thrift/gen-javabean/org/apache/hadoop/hive/metastore/api/ThriftHiveMetastore.java
8919445,no_file,long method,function,git@github.com:apache/hive.git,/standalone-metastore/metastore-common/src/gen/thrift/gen-javabean/org/apache/hadoop/hive/metastore/api/ThriftHiveMetastore.java,84931,84966,org.apache.hadoop.hive.metastore.api.ThriftHiveMetastore.alter_table_with_cascade_result.alter_table_with_cascade_resultStandardScheme#read org.apache.thrift.protocol.TProtocol|alter_table_with_cascade_result,standalone-metastore/metastore-common/src/gen/thrift/gen-javabean/org/apache/hadoop/hive/metastore/api/ThriftHiveMetastore.java
8966555,no_file,long method,function,git@github.com:apache/hive.git,/standalone-metastore/metastore-common/src/gen/thrift/gen-javabean/org/apache/hadoop/hive/metastore/api/ThriftHiveMetastore.java,181787,181806,org.apache.hadoop.hive.metastore.api.ThriftHiveMetastore.set_ugi_result#setFieldValue _Fields|Object,standalone-metastore/metastore-common/src/gen/thrift/gen-javabean/org/apache/hadoop/hive/metastore/api/ThriftHiveMetastore.java
8916223,no_file,long method,function,git@github.com:apache/hive.git,/standalone-metastore/metastore-common/src/gen/thrift/gen-javabean/org/apache/hadoop/hive/metastore/api/ThriftHiveMetastore.java,64134,64149,org.apache.hadoop.hive.metastore.api.ThriftHiveMetastore.add_default_constraint_result#hashCode,standalone-metastore/metastore-common/src/gen/thrift/gen-javabean/org/apache/hadoop/hive/metastore/api/ThriftHiveMetastore.java
8931105,no_file,feature envy,function,git@github.com:apache/hive.git,/standalone-metastore/metastore-common/src/gen/thrift/gen-javabean/org/apache/hadoop/hive/metastore/api/ThriftHiveMetastore.java,244975,244982,org.apache.hadoop.hive.metastore.api.ThriftHiveMetastore.drop_schema_version_args#getFieldValue _Fields,standalone-metastore/metastore-common/src/gen/thrift/gen-javabean/org/apache/hadoop/hive/metastore/api/ThriftHiveMetastore.java
8930850,no_file,data class,class,git@github.com:apache/hive.git,/standalone-metastore/metastore-common/src/gen/thrift/gen-javabean/org/apache/hadoop/hive/metastore/api/ThriftHiveMetastore.java,54340,54409,org.apache.hadoop.hive.metastore.api.ThriftHiveMetastore.get_schema_with_environment_context_args.get_schema_with_environment_context_argsStandardScheme,standalone-metastore/metastore-common/src/gen/thrift/gen-javabean/org/apache/hadoop/hive/metastore/api/ThriftHiveMetastore.java
8901898,no_entity,long method,function,git@github.com:apache/hive.git,/llap-server/src/java/org/apache/hadoop/hive/llap/io/encoded/OrcEncodedDataReader.java,142,145,org.apache.hadoop.hive.llap.io.encoded.OrcEncodedDataReader#createEncodedColumnBatchPool,line 142
7748135,no_entity,feature envy,function,git@github.com:apache/incubator-brooklyn.git,/brooklyn-library/software/nosql/src/main/java/org/apache/brooklyn/entity/nosql/cassandra/CassandraFabricImpl.java,179,186,org.apache.brooklyn.entity.nosql.cassandra.CassandraFabricImpl#containsDownEntity Set<Entity>,line 179
5627395,no_entity,long method,function,git@github.com:apache/royale-compiler.git,/compiler/src/main/java/org/apache/royale/compiler/internal/as/codegen/ControlFlowContextManager.java,183,187,org.apache.royale.compiler.internal.as.codegen.ControlFlowContextManager#innerToOuter,line 183
5822090,no_file,data class,class,git@github.com:apache/uima-ruta.git,/ruta-core/src/main/java/org/apache/uima/ruta/action/TrimAction.java,37,136,org.apache.uima.ruta.action.TrimAction,ruta-core/src/main/java/org/apache/uima/ruta/action/TrimAction.java
5827650,no_file,data class,class,git@github.com:apache/uima-ruta.git,/ruta-ep-addons/src/main/java/org/apache/uima/ruta/cde/ui/DocumentTableLabelProvider.java,29,85,org.apache.uima.ruta.cde.ui.DocumentTableLabelProvider,ruta-ep-addons/src/main/java/org/apache/uima/ruta/cde/ui/DocumentTableLabelProvider.java
5822952,no_file,blob,class,git@github.com:apache/uima-ruta.git,/ruta-ep-addons/src/main/java/org/apache/uima/ruta/check/AnnotationCheckTreeNodeComparator.java,24,56,org.apache.uima.ruta.check.AnnotationCheckTreeNodeComparator,ruta-ep-addons/src/main/java/org/apache/uima/ruta/check/AnnotationCheckTreeNodeComparator.java
5823351,no_file,data class,class,git@github.com:apache/uima-ruta.git,/ruta-ep-addons/src/main/java/org/apache/uima/ruta/testing/evaluator/FeatureCasEvaluator.java,40,388,org.apache.uima.ruta.testing.evaluator.FeatureCasEvaluator,ruta-ep-addons/src/main/java/org/apache/uima/ruta/testing/evaluator/FeatureCasEvaluator.java
5824343,no_file,feature envy,function,git@github.com:apache/uima-ruta.git,/ruta-core/src/main/java/org/apache/uima/ruta/rule/ComposedRuleElement.java,631,643,org.apache.uima.ruta.rule.ComposedRuleElement#toString,ruta-core/src/main/java/org/apache/uima/ruta/rule/ComposedRuleElement.java
5822785,no_file,blob,class,git@github.com:apache/uima-ruta.git,/ruta-core/src/main/java/org/apache/uima/ruta/condition/CountCondition.java,44,158,org.apache.uima.ruta.condition.CountCondition,ruta-core/src/main/java/org/apache/uima/ruta/condition/CountCondition.java
5820419,no_file,long method,function,git@github.com:apache/uima-ruta.git,/ruta-core/src/main/java/org/apache/uima/ruta/expression/number/NumberFeatureExpression.java,58,63,org.apache.uima.ruta.expression.number.NumberFeatureExpression#getFloatValue MatchContext|RutaStream,ruta-core/src/main/java/org/apache/uima/ruta/expression/number/NumberFeatureExpression.java
5820518,no_file,blob,class,git@github.com:apache/uima-ruta.git,/ruta-core/src/main/java/org/apache/uima/ruta/rule/quantifier/QuestionGreedy.java,33,74,org.apache.uima.ruta.rule.quantifier.QuestionGreedy,ruta-core/src/main/java/org/apache/uima/ruta/rule/quantifier/QuestionGreedy.java
5827363,no_file,data class,class,git@github.com:apache/uima-ruta.git,/ruta-core/src/main/java/org/apache/uima/ruta/action/GetFeatureAction.java,39,124,org.apache.uima.ruta.action.GetFeatureAction,ruta-core/src/main/java/org/apache/uima/ruta/action/GetFeatureAction.java
5827504,no_file,long method,function,git@github.com:apache/uima-ruta.git,/ruta-ep-addons/src/main/java/org/apache/uima/ruta/testing/ui/views/evalDataTable/EvalTableContentProvider.java,29,35,org.apache.uima.ruta.testing.ui.views.evalDataTable.EvalTableContentProvider#getElements Object,ruta-ep-addons/src/main/java/org/apache/uima/ruta/testing/ui/views/evalDataTable/EvalTableContentProvider.java
5894781,no_file,blob,class,git@github.com:apache/webservices-xmlschema.git,/xmlschema-core/src/main/java/org/apache/ws/commons/schema/XmlSchemaChoiceMember.java,28,29,org.apache.ws.commons.schema.XmlSchemaChoiceMember,xmlschema-core/src/main/java/org/apache/ws/commons/schema/XmlSchemaChoiceMember.java
5894798,no_file,feature envy,function,git@github.com:apache/webservices-xmlschema.git,/xmlschema-walker/src/main/java/org/apache/ws/commons/schema/docpath/XmlSchemaPathFinder.java,202,210,org.apache.ws.commons.schema.docpath.XmlSchemaPathFinder.PathSegment#getLength,xmlschema-walker/src/main/java/org/apache/ws/commons/schema/docpath/XmlSchemaPathFinder.java
6002683,no_file,blob,class,git@github.com:apache/wss4j.git,/policy/src/main/java/org/apache/wss4j/policy/model/Trust13.java,30,170,org.apache.wss4j.policy.model.Trust13,policy/src/main/java/org/apache/wss4j/policy/model/Trust13.java
6005367,no_file,long method,function,git@github.com:apache/wss4j.git,/policy/src/main/java/org/apache/wss4j/policy/model/Trust10.java,102,105,org.apache.wss4j.policy.model.Trust10#cloneAssertion Policy,policy/src/main/java/org/apache/wss4j/policy/model/Trust10.java
6005399,no_file,blob,class,git@github.com:apache/wss4j.git,/bindings/src/main/java/org/apache/wss4j/binding/wsu10/TimestampType.java,77,219,org.apache.wss4j.binding.wsu10.TimestampType,bindings/src/main/java/org/apache/wss4j/binding/wsu10/TimestampType.java
8298339,no_file,feature envy,function,git@github.com:eclipse/acceleo.git,/plugins/org.eclipse.acceleo.ide.ui/src/org/eclipse/acceleo/internal/ide/ui/resource/AcceleoUIResourceSet.java,83,90,org.eclipse.acceleo.internal.ide.ui.resource.AcceleoUIResourceSet.clear,plugins/org.eclipse.acceleo.ide.ui/src/org/eclipse/acceleo/internal/ide/ui/resource/AcceleoUIResourceSet.java
8298934,no_file,long method,function,git@github.com:eclipse/acceleo.git,/plugins/org.eclipse.acceleo.ide.ui/src/org/eclipse/acceleo/internal/ide/ui/editors/template/AcceleoCompletionProcessor.java,365,383,org.eclipse.acceleo.internal.ide.ui.editors.template.AcceleoCompletionProcessor#computeOverridesBrowserView List<ICompletionProposal>,plugins/org.eclipse.acceleo.ide.ui/src/org/eclipse/acceleo/internal/ide/ui/editors/template/AcceleoCompletionProcessor.java
8299074,no_file,blob,class,git@github.com:eclipse/acceleo.git,/plugins/org.eclipse.acceleo.model/src-gen/org/eclipse/acceleo/model/mtl/MtlPackage.java,4228,5004,org.eclipse.acceleo.model.mtl.MtlPackage.Literals,plugins/org.eclipse.acceleo.model/src-gen/org/eclipse/acceleo/model/mtl/MtlPackage.java
8304366,no_file,data class,class,git@github.com:eclipse/acceleo.git,/plugins/org.eclipse.acceleo.traceability.model/src/org/eclipse/acceleo/traceability/minimal/AbstractEList.java,849,996,org.eclipse.acceleo.traceability.minimal.AbstractEList.EListIterator,plugins/org.eclipse.acceleo.traceability.model/src/org/eclipse/acceleo/traceability/minimal/AbstractEList.java
8304375,no_file,long method,function,git@github.com:eclipse/acceleo.git,/plugins/org.eclipse.acceleo.traceability.model/src/org/eclipse/acceleo/traceability/minimal/AbstractEList.java,953,964,org.eclipse.acceleo.traceability.minimal.AbstractEList.EListIterator#doSet E,plugins/org.eclipse.acceleo.traceability.model/src/org/eclipse/acceleo/traceability/minimal/AbstractEList.java
8300534,no_file,feature envy,function,git@github.com:eclipse/acceleo.git,/plugins/org.eclipse.acceleo.ide.ui/src/org/eclipse/acceleo/internal/ide/ui/natures/AcceleoToggleNatureAction.java,150,218,org.eclipse.acceleo.internal.ide.ui.natures.AcceleoToggleNatureAction#toggleNature IProject,plugins/org.eclipse.acceleo.ide.ui/src/org/eclipse/acceleo/internal/ide/ui/natures/AcceleoToggleNatureAction.java
8300767,no_file,blob,class,git@github.com:eclipse/acceleo.git,/tests/org.eclipse.acceleo.traceability.tests/src/org/eclipse/acceleo/traceability/tests/unit/library/AcceleoTraceabilityLibraryOclTests.java,30,115,org.eclipse.acceleo.traceability.tests.unit.library.AcceleoTraceabilityLibraryOclTests,tests/org.eclipse.acceleo.traceability.tests/src/org/eclipse/acceleo/traceability/tests/unit/library/AcceleoTraceabilityLibraryOclTests.java
8299961,no_file,blob,class,git@github.com:eclipse/acceleo.git,/plugins/org.eclipse.acceleo.compatibility/src-gen/org/eclipse/acceleo/compatibility/model/mt/statements/impl/TextImpl.java,31,168,org.eclipse.acceleo.compatibility.model.mt.statements.impl.TextImpl,plugins/org.eclipse.acceleo.compatibility/src-gen/org/eclipse/acceleo/compatibility/model/mt/statements/impl/TextImpl.java
7918920,no_file,blob,class,git@github.com:eclipse/bpmn2-modeler.git,/plugins/org.eclipse.bpmn2.modeler.runtime.jboss.jbpm/src/org/eclipse/bpmn2/modeler/runtime/jboss/jbpm5/model/bpsim/FloatingParameterType.java,24,163,org.eclipse.bpmn2.modeler.runtime.jboss.jbpm5.model.bpsim.FloatingParameterType,plugins/org.eclipse.bpmn2.modeler.runtime.jboss.jbpm/src/org/eclipse/bpmn2/modeler/runtime/jboss/jbpm5/model/bpsim/FloatingParameterType.java
7926598,no_file,feature envy,function,git@github.com:eclipse/bpmn2-modeler.git,/plugins/org.eclipse.bpmn2.modeler.ui/src/org/eclipse/bpmn2/modeler/ui/property/tasks/MultiInstanceLoopCharacteristicsDetailComposite.java,106,108,org.eclipse.bpmn2.modeler.ui.property.tasks.MultiInstanceLoopCharacteristicsDetailComposite.MultiInstanceLoopCharacteristicsDetailComposite AbstractBpmn2PropertySection,plugins/org.eclipse.bpmn2.modeler.ui/src/org/eclipse/bpmn2/modeler/ui/property/tasks/MultiInstanceLoopCharacteristicsDetailComposite.java
7926879,no_file,blob,class,git@github.com:eclipse/bpmn2-modeler.git,/plugins/org.eclipse.bpmn2.modeler.ui/src/org/eclipse/bpmn2/modeler/ui/preferences/Bpmn2EditorAppearancePreferencePage.java,89,96,org.eclipse.bpmn2.modeler.ui.preferences.Bpmn2EditorAppearancePreferencePage.ShapeStyleList,plugins/org.eclipse.bpmn2.modeler.ui/src/org/eclipse/bpmn2/modeler/ui/preferences/Bpmn2EditorAppearancePreferencePage.java
7927203,no_file,blob,class,git@github.com:eclipse/bpmn2-modeler.git,/plugins/org.eclipse.bpmn2.modeler.ui/src/org/eclipse/bpmn2/modeler/ui/features/lane/RotateLaneFeature.java,23,41,org.eclipse.bpmn2.modeler.ui.features.lane.RotateLaneFeature,plugins/org.eclipse.bpmn2.modeler.ui/src/org/eclipse/bpmn2/modeler/ui/features/lane/RotateLaneFeature.java
7926125,no_file,long method,function,git@github.com:eclipse/bpmn2-modeler.git,/plugins/org.eclipse.bpmn2.modeler.ui/src/org/eclipse/bpmn2/modeler/ui/features/flow/AssociationFeatureContainer.java,384,402,org.eclipse.bpmn2.modeler.ui.features.flow.AssociationFeatureContainer.UpdateAssociationFeature#updateNeeded IUpdateContext,plugins/org.eclipse.bpmn2.modeler.ui/src/org/eclipse/bpmn2/modeler/ui/features/flow/AssociationFeatureContainer.java
7926909,no_file,feature envy,function,git@github.com:eclipse/bpmn2-modeler.git,/plugins/org.eclipse.bpmn2.modeler.core/src/org/eclipse/bpmn2/modeler/core/utils/GraphicsUtil.java,129,131,org.eclipse.bpmn2.modeler.core.utils.GraphicsUtil.LineSegment.LineSegment Point|Point,plugins/org.eclipse.bpmn2.modeler.core/src/org/eclipse/bpmn2/modeler/core/utils/GraphicsUtil.java
7921668,no_file,blob,class,git@github.com:eclipse/bpmn2-modeler.git,/plugins/org.eclipse.bpmn2.modeler.ui/src/org/eclipse/bpmn2/modeler/ui/features/activity/task/ServiceTaskFeatureContainer.java,24,80,org.eclipse.bpmn2.modeler.ui.features.activity.task.ServiceTaskFeatureContainer,plugins/org.eclipse.bpmn2.modeler.ui/src/org/eclipse/bpmn2/modeler/ui/features/activity/task/ServiceTaskFeatureContainer.java
7927736,no_file,feature envy,function,git@github.com:eclipse/bpmn2-modeler.git,/plugins/org.eclipse.bpmn2.modeler.runtime.jboss.jbpm/src/org/eclipse/bpmn2/modeler/runtime/jboss/jbpm5/model/bpsim/impl/BpsimPackageImpl.java,1130,1132,org.eclipse.bpmn2.modeler.runtime.jboss.jbpm5.model.bpsim.impl.BpsimPackageImpl#getEnumParameterType_ParameterValue,plugins/org.eclipse.bpmn2.modeler.runtime.jboss.jbpm/src/org/eclipse/bpmn2/modeler/runtime/jboss/jbpm5/model/bpsim/impl/BpsimPackageImpl.java
7928090,no_file,feature envy,function,git@github.com:eclipse/bpmn2-modeler.git,/plugins/org.eclipse.bpmn2.modeler.ui/src/org/eclipse/bpmn2/modeler/ui/editor/BPMN2EditorUpdateBehavior.java,189,193,org.eclipse.bpmn2.modeler.ui.editor.BPMN2EditorUpdateBehavior.BPMN2EditorWorkspaceCommandStack#handleError Exception,plugins/org.eclipse.bpmn2.modeler.ui/src/org/eclipse/bpmn2/modeler/ui/editor/BPMN2EditorUpdateBehavior.java
7925698,no_file,blob,class,git@github.com:eclipse/bpmn2-modeler.git,/plugins/org.eclipse.bpmn2.modeler.core/src/org/eclipse/bpmn2/modeler/core/features/event/EventSelectionBehavior.java,27,56,org.eclipse.bpmn2.modeler.core.features.event.EventSelectionBehavior,plugins/org.eclipse.bpmn2.modeler.core/src/org/eclipse/bpmn2/modeler/core/features/event/EventSelectionBehavior.java
7928407,no_file,feature envy,function,git@github.com:eclipse/bpmn2-modeler.git,/plugins/org.eclipse.bpmn2.modeler.ui/src/org/eclipse/bpmn2/modeler/ui/editor/BPMN2MultiPageEditor.java,329,336,org.eclipse.bpmn2.modeler.ui.editor.BPMN2MultiPageEditor#addPage int|IEditorPart|IEditorInput,plugins/org.eclipse.bpmn2.modeler.ui/src/org/eclipse/bpmn2/modeler/ui/editor/BPMN2MultiPageEditor.java
7927341,no_file,data class,class,git@github.com:eclipse/bpmn2-modeler.git,/plugins/org.eclipse.bpmn2.modeler.runtime.jboss.jbpm/src/org/eclipse/bpmn2/modeler/runtime/jboss/jbpm5/model/drools/impl/DroolsFactoryImpl.java,33,331,org.eclipse.bpmn2.modeler.runtime.jboss.jbpm5.model.drools.impl.DroolsFactoryImpl,plugins/org.eclipse.bpmn2.modeler.runtime.jboss.jbpm/src/org/eclipse/bpmn2/modeler/runtime/jboss/jbpm5/model/drools/impl/DroolsFactoryImpl.java
7928347,no_file,feature envy,function,git@github.com:eclipse/bpmn2-modeler.git,/plugins/org.eclipse.bpmn2.modeler.ui/src/org/eclipse/bpmn2/modeler/ui/property/dialogs/ViewerFileFilter.java,59,76,org.eclipse.bpmn2.modeler.ui.property.dialogs.ViewerFileFilter#select Viewer|Object|Object,plugins/org.eclipse.bpmn2.modeler.ui/src/org/eclipse/bpmn2/modeler/ui/property/dialogs/ViewerFileFilter.java
7928095,no_file,long method,function,git@github.com:eclipse/bpmn2-modeler.git,/plugins/org.eclipse.bpmn2.modeler.core/src/org/eclipse/bpmn2/modeler/core/merrimac/clad/ListAndDetailCompositeBase.java,98,108,org.eclipse.bpmn2.modeler.core.merrimac.clad.ListAndDetailCompositeBase#initialize,plugins/org.eclipse.bpmn2.modeler.core/src/org/eclipse/bpmn2/modeler/core/merrimac/clad/ListAndDetailCompositeBase.java
7920669,no_file,long method,function,git@github.com:eclipse/bpmn2-modeler.git,/plugins/org.eclipse.bpmn2.modeler.core/src/org/eclipse/bpmn2/modeler/core/merrimac/dialogs/ComboObjectEditor.java,283,289,org.eclipse.bpmn2.modeler.core.merrimac.dialogs.ComboObjectEditor#getTextValue,plugins/org.eclipse.bpmn2.modeler.core/src/org/eclipse/bpmn2/modeler/core/merrimac/dialogs/ComboObjectEditor.java
7918931,no_file,blob,class,git@github.com:eclipse/bpmn2-modeler.git,/plugins/org.eclipse.bpmn2.modeler.runtime.jboss.jbpm/src/org/eclipse/bpmn2/modeler/runtime/jboss/jbpm5/model/drools/DroolsFactory.java,15,114,org.eclipse.bpmn2.modeler.runtime.jboss.jbpm5.model.drools.DroolsFactory,plugins/org.eclipse.bpmn2.modeler.runtime.jboss.jbpm/src/org/eclipse/bpmn2/modeler/runtime/jboss/jbpm5/model/drools/DroolsFactory.java
7923741,no_file,data class,class,git@github.com:eclipse/bpmn2-modeler.git,/plugins/org.eclipse.bpmn2.modeler.ui/src/org/eclipse/bpmn2/modeler/ui/features/artifact/CreateTextAnnotationFeature.java,25,67,org.eclipse.bpmn2.modeler.ui.features.artifact.CreateTextAnnotationFeature,plugins/org.eclipse.bpmn2.modeler.ui/src/org/eclipse/bpmn2/modeler/ui/features/artifact/CreateTextAnnotationFeature.java
7926604,no_file,long method,function,git@github.com:eclipse/bpmn2-modeler.git,/plugins/org.eclipse.bpmn2.modeler.ui/src/org/eclipse/bpmn2/modeler/ui/property/tasks/MultiInstanceLoopCharacteristicsDetailComposite.java,315,358,org.eclipse.bpmn2.modeler.ui.property.tasks.MultiInstanceLoopCharacteristicsDetailComposite#updateWidgets,plugins/org.eclipse.bpmn2.modeler.ui/src/org/eclipse/bpmn2/modeler/ui/property/tasks/MultiInstanceLoopCharacteristicsDetailComposite.java
7925346,no_file,blob,class,git@github.com:eclipse/bpmn2-modeler.git,/plugins/org.eclipse.bpmn2.modeler.ui/src/org/eclipse/bpmn2/modeler/ui/features/flow/DataAssociationFeatureContainer.java,755,820,org.eclipse.bpmn2.modeler.ui.features.flow.DataAssociationFeatureContainer.UpdateDataAssociationFeature,plugins/org.eclipse.bpmn2.modeler.ui/src/org/eclipse/bpmn2/modeler/ui/features/flow/DataAssociationFeatureContainer.java
7927591,no_file,data class,class,git@github.com:eclipse/bpmn2-modeler.git,/plugins/org.eclipse.bpmn2.modeler.core/src/org/eclipse/bpmn2/modeler/core/builder/BPMN2Builder.java,106,119,org.eclipse.bpmn2.modeler.core.builder.BPMN2Builder.BPMN2ResourceVisitor,plugins/org.eclipse.bpmn2.modeler.core/src/org/eclipse/bpmn2/modeler/core/builder/BPMN2Builder.java
7923456,no_file,long method,function,git@github.com:eclipse/bpmn2-modeler.git,/plugins/org.eclipse.bpmn2.modeler.runtime.jboss.jbpm/src/org/eclipse/bpmn2/modeler/runtime/jboss/jbpm5/property/JbpmIoParametersListComposite.java,109,197,org.eclipse.bpmn2.modeler.runtime.jboss.jbpm5.property.JbpmIoParametersListComposite#getContentProvider EObject|EStructuralFeature|EList<EObject>,plugins/org.eclipse.bpmn2.modeler.runtime.jboss.jbpm/src/org/eclipse/bpmn2/modeler/runtime/jboss/jbpm5/property/JbpmIoParametersListComposite.java
7922186,no_file,blob,class,git@github.com:eclipse/bpmn2-modeler.git,/plugins/org.eclipse.bpmn2.modeler.runtime.jboss.jbpm/src/org/eclipse/bpmn2/modeler/runtime/jboss/jbpm5/property/JbpmSequenceFlowPropertySection.java,31,69,org.eclipse.bpmn2.modeler.runtime.jboss.jbpm5.property.JbpmSequenceFlowPropertySection,plugins/org.eclipse.bpmn2.modeler.runtime.jboss.jbpm/src/org/eclipse/bpmn2/modeler/runtime/jboss/jbpm5/property/JbpmSequenceFlowPropertySection.java
7925259,no_file,feature envy,function,git@github.com:eclipse/bpmn2-modeler.git,/plugins/org.eclipse.bpmn2.modeler.core/src/org/eclipse/bpmn2/modeler/core/di/DIUtils.java,685,743,org.eclipse.bpmn2.modeler.core.di.DIUtils.findBPMNDiagram BaseElement|boolean,plugins/org.eclipse.bpmn2.modeler.core/src/org/eclipse/bpmn2/modeler/core/di/DIUtils.java
6209901,no_entity,long method,function,git@github.com:eclipse/che.git,/ide/commons-gwt/src/main/java/org/eclipse/che/ide/ui/tree/Tree.java,732,736,org.eclipse.che.ide.ui.tree.Tree#onNodeSelected TreeNodeElement<D>|SignalEvent,line 732
6133230,no_file,long method,function,git@github.com:eclipse/dltk.core.git,/core/plugins/org.eclipse.dltk.ui/ui refactoring/org/eclipse/dltk/internal/ui/refactoring/reorg/RenameRefactoringWizard.java,39,46,org.eclipse.dltk.internal.ui.refactoring.reorg.RenameRefactoringWizard#addUserInputPages,core/plugins/org.eclipse.dltk.ui/ui refactoring/org/eclipse/dltk/internal/ui/refactoring/reorg/RenameRefactoringWizard.java
6133656,no_file,data class,class,git@github.com:eclipse/dltk.core.git,/core/plugins/org.eclipse.dltk.debug.ui/src/org/eclipse/dltk/debug/ui/preferences/dialogs/CreateStepFilterDialog.java,32,213,org.eclipse.dltk.debug.ui.preferences.dialogs.CreateStepFilterDialog,core/plugins/org.eclipse.dltk.debug.ui/src/org/eclipse/dltk/debug/ui/preferences/dialogs/CreateStepFilterDialog.java
6135529,no_file,blob,class,git@github.com:eclipse/dltk.core.git,/core/plugins/org.eclipse.dltk.launching/src/org/eclipse/dltk/launching/IInterpreterRunner.java,17,21,org.eclipse.dltk.launching.IInterpreterRunner,core/plugins/org.eclipse.dltk.launching/src/org/eclipse/dltk/launching/IInterpreterRunner.java
6151978,no_file,data class,class,git@github.com:eclipse/dltk.core.git,/core/plugins/org.eclipse.dltk.debug.ui/src/org/eclipse/dltk/debug/ui/IDLTKDebugUIPreferenceConstants.java,4,34,org.eclipse.dltk.debug.ui.IDLTKDebugUIPreferenceConstants,core/plugins/org.eclipse.dltk.debug.ui/src/org/eclipse/dltk/debug/ui/IDLTKDebugUIPreferenceConstants.java
6143847,no_file,blob,class,git@github.com:eclipse/dltk.core.git,/mylyn/plugins/org.eclipse.dltk.mylyn/src/org/eclipse/dltk/internal/mylyn/search/Messages.java,17,32,org.eclipse.dltk.internal.mylyn.search.Messages,mylyn/plugins/org.eclipse.dltk.mylyn/src/org/eclipse/dltk/internal/mylyn/search/Messages.java
6134590,no_file,long method,function,git@github.com:eclipse/dltk.core.git,/core/plugins/org.eclipse.dltk.ui/src/org/eclipse/dltk/internal/ui/ScriptElementProperties.java,63,66,org.eclipse.dltk.internal.ui.ScriptElementProperties#isPropertySet Object,core/plugins/org.eclipse.dltk.ui/src/org/eclipse/dltk/internal/ui/ScriptElementProperties.java
6147315,no_file,long method,function,git@github.com:eclipse/dltk.core.git,/core/plugins/org.eclipse.dltk.core/search/org/eclipse/dltk/internal/core/search/matching/MethodLocator.java,45,49,org.eclipse.dltk.internal.core.search.matching.MethodLocator#match MethodDeclaration|MatchingNodeSet,core/plugins/org.eclipse.dltk.core/search/org/eclipse/dltk/internal/core/search/matching/MethodLocator.java
6128593,no_file,blob,class,git@github.com:eclipse/dltk.core.git,/core/plugins/org.eclipse.dltk.core/model/org/eclipse/dltk/core/PreferencesLookupDelegate.java,45,133,org.eclipse.dltk.core.PreferencesLookupDelegate,core/plugins/org.eclipse.dltk.core/model/org/eclipse/dltk/core/PreferencesLookupDelegate.java
6134879,no_file,long method,function,git@github.com:eclipse/dltk.core.git,/core/plugins/org.eclipse.dltk.ui/src/org/eclipse/dltk/internal/ui/wizards/buildpath/VariableBlock.java,151,162,org.eclipse.dltk.internal.ui.wizards.buildpath.VariableBlock.VariablesAdapter#customButtonPressed ListDialogField|int,core/plugins/org.eclipse.dltk.ui/src/org/eclipse/dltk/internal/ui/wizards/buildpath/VariableBlock.java
6152636,no_file,data class,class,git@github.com:eclipse/dltk.core.git,/core/plugins/org.eclipse.dltk.ui/src/org/eclipse/dltk/internal/ui/text/spelling/ScriptSpellingReconcileStrategy.java,54,107,org.eclipse.dltk.internal.ui.text.spelling.ScriptSpellingReconcileStrategy.SpellingProblemCollector,core/plugins/org.eclipse.dltk.ui/src/org/eclipse/dltk/internal/ui/text/spelling/ScriptSpellingReconcileStrategy.java
6122163,no_file,long method,function,git@github.com:eclipse/dltk.core.git,/core/plugins/org.eclipse.dltk.core/search/org/eclipse/dltk/internal/core/search/TypeNameMatchRequestorWrapper.java,282,294,org.eclipse.dltk.internal.core.search.TypeNameMatchRequestorWrapper.TypeFinder#visit IModelElement,core/plugins/org.eclipse.dltk.core/search/org/eclipse/dltk/internal/core/search/TypeNameMatchRequestorWrapper.java
6138864,no_file,blob,class,git@github.com:eclipse/dltk.core.git,/core/plugins/org.eclipse.dltk.core.index.sql/src/org/eclipse/dltk/core/index/sql/IElementHandler.java,21,30,org.eclipse.dltk.core.index.sql.IElementHandler,core/plugins/org.eclipse.dltk.core.index.sql/src/org/eclipse/dltk/core/index/sql/IElementHandler.java
6147959,no_file,feature envy,function,git@github.com:eclipse/dltk.core.git,/core/plugins/org.eclipse.dltk.ui/src/org/eclipse/dltk/internal/ui/text/hover/AnnotationExpandHover.java,59,63,org.eclipse.dltk.internal.ui.text.hover.AnnotationExpandHover.InformationControlCreator#createInformationControl Shell,core/plugins/org.eclipse.dltk.ui/src/org/eclipse/dltk/internal/ui/text/hover/AnnotationExpandHover.java
6147418,no_file,long method,function,git@github.com:eclipse/dltk.core.git,/core/plugins/org.eclipse.dltk.ui/src/org/eclipse/dltk/internal/ui/text/hover/AnnotationExpansionControl.java,235,245,org.eclipse.dltk.internal.ui.text.hover.AnnotationExpansionControl.MyMouseListener#mouseDown MouseEvent,core/plugins/org.eclipse.dltk.ui/src/org/eclipse/dltk/internal/ui/text/hover/AnnotationExpansionControl.java
6150503,no_file,long method,function,git@github.com:eclipse/dltk.core.git,/core/plugins/org.eclipse.dltk.core.manipulation/src/org/eclipse/dltk/internal/corext/refactoring/participants/ResourceModifications.java,244,257,org.eclipse.dltk.internal.corext.refactoring.participants.ResourceModifications#addRename IResource|RenameArguments,core/plugins/org.eclipse.dltk.core.manipulation/src/org/eclipse/dltk/internal/corext/refactoring/participants/ResourceModifications.java
6134213,no_file,feature envy,function,git@github.com:eclipse/dltk.core.git,/core/plugins/org.eclipse.dltk.core/search/org/eclipse/dltk/core/search/matching/MatchLocatorParser.java,33,39,org.eclipse.dltk.core.search.matching.MatchLocatorParser#parse PossibleMatch,core/plugins/org.eclipse.dltk.core/search/org/eclipse/dltk/core/search/matching/MatchLocatorParser.java
6151582,no_file,data class,class,git@github.com:eclipse/dltk.core.git,/core/plugins/org.eclipse.dltk.ui/src/org/eclipse/dltk/internal/ui/typehierarchy/ToggleViewAction.java,20,64,org.eclipse.dltk.internal.ui.typehierarchy.ToggleViewAction,core/plugins/org.eclipse.dltk.ui/src/org/eclipse/dltk/internal/ui/typehierarchy/ToggleViewAction.java
6145911,no_file,long method,function,git@github.com:eclipse/dltk.core.git,/core/plugins/org.eclipse.dltk.ui/src/org/eclipse/dltk/internal/ui/wizards/buildpath/newsourcepage/BuildpathModifierQueries.java,213,244,org.eclipse.dltk.internal.ui.wizards.buildpath.newsourcepage.BuildpathModifierQueries.getDefaultInclusionExclusionQuery Shell,core/plugins/org.eclipse.dltk.ui/src/org/eclipse/dltk/internal/ui/wizards/buildpath/newsourcepage/BuildpathModifierQueries.java
6141685,no_file,blob,class,git@github.com:eclipse/dltk.core.git,/core/tests/org.eclipse.dltk.core.tests/src/org/eclipse/dltk/core/tests/ProjectSetup.java,55,349,org.eclipse.dltk.core.tests.ProjectSetup,core/tests/org.eclipse.dltk.core.tests/src/org/eclipse/dltk/core/tests/ProjectSetup.java
6122371,no_file,feature envy,function,git@github.com:eclipse/dltk.core.git,/core/plugins/org.eclipse.dltk.console.ui/src/org/eclipse/dltk/console/ui/ScriptConsolePartitioner.java,80,99,org.eclipse.dltk.console.ui.ScriptConsolePartitioner#getStyleRanges int|int,core/plugins/org.eclipse.dltk.console.ui/src/org/eclipse/dltk/console/ui/ScriptConsolePartitioner.java
6147463,no_file,blob,class,git@github.com:eclipse/dltk.core.git,/core/plugins/org.eclipse.dltk.core/utils/org/eclipse/dltk/utils/TextUtils.java,218,239,org.eclipse.dltk.utils.TextUtils.LineTrackerBuilder,core/plugins/org.eclipse.dltk.core/utils/org/eclipse/dltk/utils/TextUtils.java
6143644,no_file,long method,function,git@github.com:eclipse/dltk.core.git,/core/plugins/org.eclipse.dltk.formatter/src/org/eclipse/dltk/formatter/AbstractScriptFormatterFactory.java,60,72,org.eclipse.dltk.formatter.AbstractScriptFormatterFactory#getDefaultProfileID,core/plugins/org.eclipse.dltk.formatter/src/org/eclipse/dltk/formatter/AbstractScriptFormatterFactory.java
6152090,no_file,long method,function,git@github.com:eclipse/dltk.core.git,/core/plugins/org.eclipse.dltk.core/search/org/eclipse/dltk/core/search/SearchPattern.java,1427,1478,org.eclipse.dltk.core.search.SearchPattern#matchesName char[]|char[],core/plugins/org.eclipse.dltk.core/search/org/eclipse/dltk/core/search/SearchPattern.java
6140308,no_file,blob,class,git@github.com:eclipse/dltk.core.git,/core/plugins/org.eclipse.dltk.debug.ui/src/org/eclipse/dltk/debug/ui/launchConfigurations/InterpreterTab.java,149,158,org.eclipse.dltk.debug.ui.launchConfigurations.InterpreterTab.MainListener,core/plugins/org.eclipse.dltk.debug.ui/src/org/eclipse/dltk/debug/ui/launchConfigurations/InterpreterTab.java
6153007,no_file,long method,function,git@github.com:eclipse/dltk.core.git,/core/plugins/org.eclipse.dltk.testing/src/org/eclipse/dltk/testing/AbstractTestingEngine.java,38,42,org.eclipse.dltk.testing.AbstractTestingEngine#getMainScriptPath ILaunchConfiguration|IEnvironment,core/plugins/org.eclipse.dltk.testing/src/org/eclipse/dltk/testing/AbstractTestingEngine.java
6151008,no_file,long method,function,git@github.com:eclipse/dltk.core.git,/core/plugins/org.eclipse.dltk.launching/src/org/eclipse/dltk/launching/ScriptLaunchUtil.java,90,107,org.eclipse.dltk.launching.ScriptLaunchUtil.traceExecution String|String[]|String[],core/plugins/org.eclipse.dltk.launching/src/org/eclipse/dltk/launching/ScriptLaunchUtil.java
6145494,no_file,long method,function,git@github.com:eclipse/dltk.core.git,/core/plugins/org.eclipse.dltk.debug.ui/src/org/eclipse/dltk/debug/ui/DebugConsoleManager.java,78,99,org.eclipse.dltk.debug.ui.DebugConsoleManager#createConsole ILaunch,core/plugins/org.eclipse.dltk.debug.ui/src/org/eclipse/dltk/debug/ui/DebugConsoleManager.java
6153811,no_file,data class,class,git@github.com:eclipse/dltk.core.git,/core/tests/org.eclipse.dltk.ui.tests/src/org/eclipse/dltk/ui/tests/StringAsserts.java,23,194,org.eclipse.dltk.ui.tests.StringAsserts,core/tests/org.eclipse.dltk.ui.tests/src/org/eclipse/dltk/ui/tests/StringAsserts.java
6153322,no_file,blob,class,git@github.com:eclipse/dltk.core.git,/core/tests/org.eclipse.dltk.core.tests/src/org/eclipse/dltk/core/tests/util/ModelTestUtils.java,39,307,org.eclipse.dltk.core.tests.util.ModelTestUtils,core/tests/org.eclipse.dltk.core.tests/src/org/eclipse/dltk/core/tests/util/ModelTestUtils.java
6135806,no_file,blob,class,git@github.com:eclipse/dltk.core.git,/core/plugins/org.eclipse.dltk.ui/src/org/eclipse/dltk/internal/ui/callhierarchy/LocationLabelProvider.java,18,98,org.eclipse.dltk.internal.ui.callhierarchy.LocationLabelProvider,core/plugins/org.eclipse.dltk.ui/src/org/eclipse/dltk/internal/ui/callhierarchy/LocationLabelProvider.java
9033273,no_file,blob,class,git@github.com:eclipse/eclipse.jdt.core.git,/org.eclipse.jdt.core.tests.model/src/org/eclipse/jdt/core/tests/model/JavaSearchGenericConstructorExactTests.java,26,60,org.eclipse.jdt.core.tests.model.JavaSearchGenericConstructorExactTests,org.eclipse.jdt.core.tests.model/src/org/eclipse/jdt/core/tests/model/JavaSearchGenericConstructorExactTests.java
9038553,no_file,blob,class,git@github.com:eclipse/eclipse.jdt.core.git,/org.eclipse.jdt.core/model/org/eclipse/jdt/core/util/IClassFileAttribute.java,22,47,org.eclipse.jdt.core.util.IClassFileAttribute,org.eclipse.jdt.core/model/org/eclipse/jdt/core/util/IClassFileAttribute.java
9037905,no_file,long method,function,git@github.com:eclipse/eclipse.jdt.core.git,/org.eclipse.jdt.core/dom/org/eclipse/jdt/internal/core/dom/rewrite/ASTRewriteFlattener.java,1072,1089,org.eclipse.jdt.internal.core.dom.rewrite.ASTRewriteFlattener#visit TryStatement,org.eclipse.jdt.core/dom/org/eclipse/jdt/internal/core/dom/rewrite/ASTRewriteFlattener.java
9040540,no_file,data class,class,git@github.com:eclipse/eclipse.jdt.core.git,/org.eclipse.jdt.apt.tests/src-annotations/org/eclipse/jdt/apt/tests/annotations/generic/GenericFactory.java,21,38,org.eclipse.jdt.apt.tests.annotations.generic.GenericFactory,org.eclipse.jdt.apt.tests/src-annotations/org/eclipse/jdt/apt/tests/annotations/generic/GenericFactory.java
9046528,no_file,data class,class,git@github.com:eclipse/eclipse.jdt.core.git,/org.eclipse.jdt.core.tests.model/workspace/TypeHierarchy/src/q1/X.java,2,3,q1.X,org.eclipse.jdt.core.tests.model/workspace/TypeHierarchy/src/q1/X.java
9044882,no_file,feature envy,function,git@github.com:eclipse/eclipse.jdt.core.git,/org.eclipse.jdt.core.tests.model/src/org/eclipse/jdt/core/tests/model/ResolveTests.java,1152,1168,org.eclipse.jdt.core.tests.model.ResolveTests#testMethodWithInnerTypeInClassFile2,org.eclipse.jdt.core.tests.model/src/org/eclipse/jdt/core/tests/model/ResolveTests.java
9063283,no_file,blob,class,git@github.com:eclipse/eclipse.jdt.core.git,/org.eclipse.jdt.core.tests.model/workspace/Converter/src/test0458/A.java,3,10,test0458.A,org.eclipse.jdt.core.tests.model/workspace/Converter/src/test0458/A.java
9071167,no_file,blob,class,git@github.com:eclipse/eclipse.jdt.core.git,/org.eclipse.jdt.core/model/org/eclipse/jdt/internal/core/hierarchy/HierarchyResolver.java,72,998,org.eclipse.jdt.internal.core.hierarchy.HierarchyResolver,org.eclipse.jdt.core/model/org/eclipse/jdt/internal/core/hierarchy/HierarchyResolver.java
9050114,no_file,feature envy,function,git@github.com:eclipse/eclipse.jdt.core.git,/org.eclipse.jdt.core.tests.model/src/org/eclipse/jdt/core/tests/formatter/FormatterRegressionTests.java,1093,1099,org.eclipse.jdt.core.tests.formatter.FormatterRegressionTests#test087,org.eclipse.jdt.core.tests.model/src/org/eclipse/jdt/core/tests/formatter/FormatterRegressionTests.java
9079227,no_file,feature envy,function,git@github.com:eclipse/eclipse.jdt.core.git,/org.eclipse.jdt.core/compiler/org/eclipse/jdt/internal/compiler/ast/CompilationUnitDeclaration.java,762,765,org.eclipse.jdt.internal.compiler.ast.CompilationUnitDeclaration#tagAsHavingErrors,org.eclipse.jdt.core/compiler/org/eclipse/jdt/internal/compiler/ast/CompilationUnitDeclaration.java
9071100,no_file,blob,class,git@github.com:eclipse/eclipse.jdt.core.git,/org.eclipse.jdt.core.tests.model/src/org/eclipse/jdt/core/tests/model/CompletionWithMissingTypesTests.java,24,1876,org.eclipse.jdt.core.tests.model.CompletionWithMissingTypesTests,org.eclipse.jdt.core.tests.model/src/org/eclipse/jdt/core/tests/model/CompletionWithMissingTypesTests.java
9053224,no_file,feature envy,function,git@github.com:eclipse/eclipse.jdt.core.git,/org.eclipse.jdt.core/compiler/org/eclipse/jdt/internal/compiler/ast/Argument.java,67,89,org.eclipse.jdt.internal.compiler.ast.Argument#createBinding MethodScope|TypeBinding,org.eclipse.jdt.core/compiler/org/eclipse/jdt/internal/compiler/ast/Argument.java
9072630,no_file,feature envy,function,git@github.com:eclipse/eclipse.jdt.core.git,/org.eclipse.jdt.core/compiler/org/eclipse/jdt/internal/compiler/lookup/BoundSet.java,1052,1099,org.eclipse.jdt.internal.compiler.lookup.BoundSet#condition18_5_2_bullet_3_3_1 InferenceVariable|TypeBinding,org.eclipse.jdt.core/compiler/org/eclipse/jdt/internal/compiler/lookup/BoundSet.java
9066219,no_file,feature envy,function,git@github.com:eclipse/eclipse.jdt.core.git,/org.eclipse.jdt.core.tests.model/src/org/eclipse/jdt/core/tests/model/JavaSearchBugsTests.java,7032,7039,org.eclipse.jdt.core.tests.model.JavaSearchBugsTests#testBug128877b,org.eclipse.jdt.core.tests.model/src/org/eclipse/jdt/core/tests/model/JavaSearchBugsTests.java
9049868,no_file,feature envy,function,git@github.com:eclipse/eclipse.jdt.core.git,/org.eclipse.jdt.core.tests.performance/src/org/eclipse/jdt/core/tests/performance/FullSourceWorkspaceFormatterTests.java,135,162,org.eclipse.jdt.core.tests.performance.FullSourceWorkspaceFormatterTests#testFormatDefaultBigFile,org.eclipse.jdt.core.tests.performance/src/org/eclipse/jdt/core/tests/performance/FullSourceWorkspaceFormatterTests.java
9055406,no_file,blob,class,git@github.com:eclipse/eclipse.jdt.core.git,/org.eclipse.jdt.core.tests.compiler/src/org/eclipse/jdt/core/tests/compiler/regression/InnerEmulationTest_1_5.java,21,332,org.eclipse.jdt.core.tests.compiler.regression.InnerEmulationTest_1_5,org.eclipse.jdt.core.tests.compiler/src/org/eclipse/jdt/core/tests/compiler/regression/InnerEmulationTest_1_5.java
9060510,no_file,long method,function,git@github.com:eclipse/eclipse.jdt.core.git,/org.eclipse.jdt.core.tests.compiler/src/org/eclipse/jdt/core/tests/compiler/regression/JSR308SpecSnippetTests.java,203,229,org.eclipse.jdt.core.tests.compiler.regression.JSR308SpecSnippetTests#test005,org.eclipse.jdt.core.tests.compiler/src/org/eclipse/jdt/core/tests/compiler/regression/JSR308SpecSnippetTests.java
9074421,no_file,blob,class,git@github.com:eclipse/eclipse.jdt.core.git,/org.eclipse.jdt.apt.core/src/org/eclipse/jdt/apt/core/internal/generatedfile/GeneratedResourceChangeListener.java,46,250,org.eclipse.jdt.apt.core.internal.generatedfile.GeneratedResourceChangeListener,org.eclipse.jdt.apt.core/src/org/eclipse/jdt/apt/core/internal/generatedfile/GeneratedResourceChangeListener.java
9071507,no_file,blob,class,git@github.com:eclipse/eclipse.jdt.core.git,/org.eclipse.jdt.core/model/org/eclipse/jdt/core/jdom/IDOMMethod.java,29,245,org.eclipse.jdt.core.jdom.IDOMMethod,org.eclipse.jdt.core/model/org/eclipse/jdt/core/jdom/IDOMMethod.java
9049945,no_file,blob,class,git@github.com:eclipse/eclipse.jdt.core.git,/org.eclipse.jdt.core/search/org/eclipse/jdt/internal/core/nd/db/LongString.java,25,248,org.eclipse.jdt.internal.core.nd.db.LongString,org.eclipse.jdt.core/search/org/eclipse/jdt/internal/core/nd/db/LongString.java
9058891,no_file,feature envy,function,git@github.com:eclipse/eclipse.jdt.core.git,/org.eclipse.jdt.core/model/org/eclipse/jdt/internal/core/hierarchy/IndexBasedHierarchyBuilder.java,423,438,org.eclipse.jdt.internal.core.hierarchy.IndexBasedHierarchyBuilder#createInfoFromClassFileInJar Openable,org.eclipse.jdt.core/model/org/eclipse/jdt/internal/core/hierarchy/IndexBasedHierarchyBuilder.java
9037421,no_file,feature envy,function,git@github.com:eclipse/eclipse.jdt.core.git,/org.eclipse.jdt.core/search/org/eclipse/jdt/internal/core/nd/db/Database.java,1606,1611,org.eclipse.jdt.internal.core.nd.db.Database#chunkDirtied Chunk,org.eclipse.jdt.core/search/org/eclipse/jdt/internal/core/nd/db/Database.java
9078577,no_file,long method,function,git@github.com:eclipse/eclipse.jdt.core.git,/org.eclipse.jdt.compiler.apt/src/org/eclipse/jdt/internal/compiler/apt/util/EclipseFileManager.java,324,342,org.eclipse.jdt.internal.compiler.apt.util.EclipseFileManager#getDefaultClasspath,org.eclipse.jdt.compiler.apt/src/org/eclipse/jdt/internal/compiler/apt/util/EclipseFileManager.java
9079412,no_file,data class,class,git@github.com:eclipse/eclipse.jdt.core.git,/org.eclipse.jdt.core/compiler/org/eclipse/jdt/internal/compiler/lookup/AnnotationHolder.java,55,77,org.eclipse.jdt.internal.compiler.lookup.AnnotationHolder.MethodHolder,org.eclipse.jdt.core/compiler/org/eclipse/jdt/internal/compiler/lookup/AnnotationHolder.java
9036731,no_file,feature envy,function,git@github.com:eclipse/eclipse.jdt.core.git,/org.eclipse.jdt.core/compiler/org/eclipse/jdt/internal/compiler/lookup/InferenceSubstitution.java,114,151,org.eclipse.jdt.internal.compiler.lookup.InferenceSubstitution#substitute TypeVariableBinding,org.eclipse.jdt.core/compiler/org/eclipse/jdt/internal/compiler/lookup/InferenceSubstitution.java
9060917,no_file,feature envy,function,git@github.com:eclipse/eclipse.jdt.core.git,/org.eclipse.jdt.core/search/org/eclipse/jdt/internal/core/nd/field/FieldList.java,271,284,org.eclipse.jdt.internal.core.nd.field.FieldList#allocateNewBlock Nd|int,org.eclipse.jdt.core/search/org/eclipse/jdt/internal/core/nd/field/FieldList.java
9044996,no_file,long method,function,git@github.com:eclipse/eclipse.jdt.core.git,/org.eclipse.jdt.core/model/org/eclipse/jdt/internal/core/TypeVector.java,145,154,org.eclipse.jdt.internal.core.TypeVector#toString,org.eclipse.jdt.core/model/org/eclipse/jdt/internal/core/TypeVector.java
9049276,no_file,long method,function,git@github.com:eclipse/eclipse.jdt.core.git,/org.eclipse.jdt.core.tests.model/src/org/eclipse/jdt/core/tests/formatter/FormatterBugsTests.java,8479,8533,org.eclipse.jdt.core.tests.formatter.FormatterBugsTests#testBug330313_wksp1_15_njl,org.eclipse.jdt.core.tests.model/src/org/eclipse/jdt/core/tests/formatter/FormatterBugsTests.java
9045643,no_file,blob,class,git@github.com:eclipse/eclipse.jdt.core.git,/org.eclipse.jdt.core/compiler/org/eclipse/jdt/internal/compiler/util/HashtableOfModule.java,20,110,org.eclipse.jdt.internal.compiler.util.HashtableOfModule,org.eclipse.jdt.core/compiler/org/eclipse/jdt/internal/compiler/util/HashtableOfModule.java
9082528,no_file,data class,class,git@github.com:eclipse/eclipse.jdt.core.git,/org.eclipse.jdt.core/codeassist/org/eclipse/jdt/internal/codeassist/InternalCompletionProposal.java,46,1199,org.eclipse.jdt.internal.codeassist.InternalCompletionProposal,org.eclipse.jdt.core/codeassist/org/eclipse/jdt/internal/codeassist/InternalCompletionProposal.java
9073602,no_file,blob,class,git@github.com:eclipse/eclipse.jdt.core.git,/org.eclipse.jdt.core/search/org/eclipse/jdt/core/search/SearchRequestor.java,35,98,org.eclipse.jdt.core.search.SearchRequestor,org.eclipse.jdt.core/search/org/eclipse/jdt/core/search/SearchRequestor.java
9045965,no_file,long method,function,git@github.com:eclipse/eclipse.jdt.core.git,/org.eclipse.jdt.core.tests.model/src/org/eclipse/jdt/core/tests/model/TypeHierarchyTests.java,2260,2282,org.eclipse.jdt.core.tests.model.TypeHierarchyTests#testSuperTypeHierarchyWithMissingBinary,org.eclipse.jdt.core.tests.model/src/org/eclipse/jdt/core/tests/model/TypeHierarchyTests.java
9064356,no_file,long method,function,git@github.com:eclipse/eclipse.jdt.core.git,/org.eclipse.jdt.core/search/org/eclipse/jdt/internal/core/nd/util/CharArrayUtils.java,187,194,org.eclipse.jdt.internal.core.nd.util.CharArrayUtils.extract char[]|int|int,org.eclipse.jdt.core/search/org/eclipse/jdt/internal/core/nd/util/CharArrayUtils.java
9037804,no_file,feature envy,function,git@github.com:eclipse/eclipse.jdt.core.git,/org.eclipse.jdt.core.tests.model/src/org/eclipse/jdt/core/tests/model/CompletionWithMissingTypesTests_1_5.java,40,75,org.eclipse.jdt.core.tests.model.CompletionWithMissingTypesTests_1_5#test0001,org.eclipse.jdt.core.tests.model/src/org/eclipse/jdt/core/tests/model/CompletionWithMissingTypesTests_1_5.java
9034294,no_file,data class,class,git@github.com:eclipse/eclipse.jdt.core.git,/org.eclipse.jdt.core/model/org/eclipse/jdt/core/JavaConventions.java,42,892,org.eclipse.jdt.core.JavaConventions,org.eclipse.jdt.core/model/org/eclipse/jdt/core/JavaConventions.java
9045352,no_file,feature envy,function,git@github.com:eclipse/eclipse.jdt.core.git,/org.eclipse.jdt.core.tests.model/workspace/Formatter/test154/A_out.java,10,16,test1.E#foo1,org.eclipse.jdt.core.tests.model/workspace/Formatter/test154/A_out.java
9085089,no_file,long method,function,git@github.com:eclipse/eclipse.jdt.core.git,/org.eclipse.jdt.compiler.apt.tests/processors/org/eclipse/jdt/compiler/apt/tests/processors/visitors/VisitorProc.java,248,255,org.eclipse.jdt.compiler.apt.tests.processors.visitors.VisitorProc.AnnotationVisitorTester#visitLong long|Void,org.eclipse.jdt.compiler.apt.tests/processors/org/eclipse/jdt/compiler/apt/tests/processors/visitors/VisitorProc.java
9037596,no_file,long method,function,git@github.com:eclipse/eclipse.jdt.core.git,/org.eclipse.jdt.core.tests.model/src/org/eclipse/jdt/core/tests/model/ClasspathInitializerTests.java,1626,1666,org.eclipse.jdt.core.tests.model.ClasspathInitializerTests#testBug346002,org.eclipse.jdt.core.tests.model/src/org/eclipse/jdt/core/tests/model/ClasspathInitializerTests.java
9046923,no_file,long method,function,git@github.com:eclipse/eclipse.jdt.core.git,/org.eclipse.jdt.core.tests.compiler/src/org/eclipse/jdt/core/tests/compiler/regression/GenericsRegressionTest_1_8.java,2043,2082,org.eclipse.jdt.core.tests.compiler.regression.GenericsRegressionTest_1_8#testBug427626,org.eclipse.jdt.core.tests.compiler/src/org/eclipse/jdt/core/tests/compiler/regression/GenericsRegressionTest_1_8.java
8727852,no_file,data class,class,git@github.com:eclipse/eclipse.platform.swt.git,/examples/org.eclipse.swt.snippets/src/org/eclipse/swt/snippets/Snippet144.java,28,61,org.eclipse.swt.snippets.Snippet144,examples/org.eclipse.swt.snippets/src/org/eclipse/swt/snippets/Snippet144.java
8714735,no_file,feature envy,function,git@github.com:eclipse/eclipse.platform.swt.git,/bundles/org.eclipse.swt/Eclipse SWT/cocoa/org/eclipse/swt/graphics/TextLayout.java,841,844,org.eclipse.swt.graphics.TextLayout#getFont,bundles/org.eclipse.swt/Eclipse SWT/cocoa/org/eclipse/swt/graphics/TextLayout.java
8722845,no_file,long method,function,git@github.com:eclipse/eclipse.platform.swt.git,/bundles/org.eclipse.swt/Eclipse SWT Accessibility/win32/org/eclipse/swt/accessibility/Accessible.java,1290,1297,org.eclipse.swt.accessibility.Accessible#removeAccessibleEditableTextListener AccessibleEditableTextListener,bundles/org.eclipse.swt/Eclipse SWT Accessibility/win32/org/eclipse/swt/accessibility/Accessible.java
8716970,no_file,feature envy,function,git@github.com:eclipse/eclipse.platform.swt.git,/bundles/org.eclipse.swt/Eclipse SWT/gtk/org/eclipse/swt/widgets/Control.java,4932,4935,org.eclipse.swt.widgets.Control#gtk_widget_set_align long|int|int,bundles/org.eclipse.swt/Eclipse SWT/gtk/org/eclipse/swt/widgets/Control.java
8715463,no_file,blob,class,git@github.com:eclipse/eclipse.platform.swt.git,/bundles/org.eclipse.swt/Eclipse SWT OpenGL/common/org/eclipse/swt/opengl/GLData.java,27,151,org.eclipse.swt.opengl.GLData,bundles/org.eclipse.swt/Eclipse SWT OpenGL/common/org/eclipse/swt/opengl/GLData.java
8712093,no_file,long method,function,git@github.com:eclipse/eclipse.platform.swt.git,/bundles/org.eclipse.swt/Eclipse SWT/cocoa/org/eclipse/swt/graphics/Cursor.java,172,238,org.eclipse.swt.graphics.Cursor.Cursor Device|int,bundles/org.eclipse.swt/Eclipse SWT/cocoa/org/eclipse/swt/graphics/Cursor.java
8719559,no_file,long method,function,git@github.com:eclipse/eclipse.platform.swt.git,/bundles/org.eclipse.swt/Eclipse SWT/common/org/eclipse/swt/internal/image/LZWCodec.java,452,468,org.eclipse.swt.internal.image.LZWCodec#readBlock,bundles/org.eclipse.swt/Eclipse SWT/common/org/eclipse/swt/internal/image/LZWCodec.java
8703167,no_file,feature envy,function,git@github.com:eclipse/eclipse.platform.swt.git,/bundles/org.eclipse.swt/Eclipse SWT WebKit/gtk/org/eclipse/swt/internal/webkit/WebKitGTK.java,1218,1226,org.eclipse.swt.internal.webkit.WebKitGTK.webkit_get_favicon_database,bundles/org.eclipse.swt/Eclipse SWT WebKit/gtk/org/eclipse/swt/internal/webkit/WebKitGTK.java
8705246,no_file,long method,function,git@github.com:eclipse/eclipse.platform.swt.git,/bundles/org.eclipse.swt/Eclipse SWT Custom Widgets/common/org/eclipse/swt/custom/CTabFolder.java,2697,2702,org.eclipse.swt.custom.CTabFolder#setInsertMark int|boolean,bundles/org.eclipse.swt/Eclipse SWT Custom Widgets/common/org/eclipse/swt/custom/CTabFolder.java
8722412,no_file,feature envy,function,git@github.com:eclipse/eclipse.platform.swt.git,/bundles/org.eclipse.swt/Eclipse SWT/win32/org/eclipse/swt/widgets/Button.java,1203,1210,org.eclipse.swt.widgets.Button#WM_KILLFOCUS long|long,bundles/org.eclipse.swt/Eclipse SWT/win32/org/eclipse/swt/widgets/Button.java
8727139,no_file,feature envy,function,git@github.com:eclipse/eclipse.platform.swt.git,/bundles/org.eclipse.swt/Eclipse SWT Custom Widgets/common/org/eclipse/swt/custom/StyledTextRenderer.java,1434,1443,org.eclipse.swt.custom.StyledTextRenderer#setLineJustify int|int|boolean,bundles/org.eclipse.swt/Eclipse SWT Custom Widgets/common/org/eclipse/swt/custom/StyledTextRenderer.java
8722299,no_file,data class,class,git@github.com:eclipse/eclipse.platform.swt.git,/tests/org.eclipse.swt.tests.gtk/ManualTests/org/eclipse/swt/tests/gtk/snippets/Bug531667_Group_drawing_with_paint_listener_is_wrong.java,38,75,org.eclipse.swt.tests.gtk.snippets.Bug531667_Group_drawing_with_paint_listener_is_wrong,tests/org.eclipse.swt.tests.gtk/ManualTests/org/eclipse/swt/tests/gtk/snippets/Bug531667_Group_drawing_with_paint_listener_is_wrong.java
8717357,no_file,blob,class,git@github.com:eclipse/eclipse.platform.swt.git,/examples/org.eclipse.swt.snippets/src/org/eclipse/swt/snippets/Snippet113.java,26,49,org.eclipse.swt.snippets.Snippet113,examples/org.eclipse.swt.snippets/src/org/eclipse/swt/snippets/Snippet113.java
8703973,no_file,feature envy,function,git@github.com:eclipse/eclipse.platform.swt.git,/tests/org.eclipse.swt.tests/JUnit Tests/org/eclipse/swt/tests/junit/Test_org_eclipse_swt_widgets_List.java,2450,2454,org.eclipse.swt.tests.junit.Test_org_eclipse_swt_widgets_List#test_consistency_MouseSelection,tests/org.eclipse.swt.tests/JUnit Tests/org/eclipse/swt/tests/junit/Test_org_eclipse_swt_widgets_List.java
8727011,no_file,data class,class,git@github.com:eclipse/eclipse.platform.swt.git,/examples/org.eclipse.swt.snippets/src/org/eclipse/swt/snippets/Snippet263.java,32,72,org.eclipse.swt.snippets.Snippet263,examples/org.eclipse.swt.snippets/src/org/eclipse/swt/snippets/Snippet263.java
8719445,no_file,long method,function,git@github.com:eclipse/eclipse.platform.swt.git,/examples/org.eclipse.swt.snippets/src/org/eclipse/swt/snippets/Snippet305.java,32,81,org.eclipse.swt.snippets.Snippet305.main String[],examples/org.eclipse.swt.snippets/src/org/eclipse/swt/snippets/Snippet305.java
8708216,no_file,long method,function,git@github.com:eclipse/eclipse.platform.swt.git,/bundles/org.eclipse.swt/Eclipse SWT/emulated/expand/org/eclipse/swt/widgets/ExpandItem.java,384,389,org.eclipse.swt.widgets.ExpandItem#setHeight int,bundles/org.eclipse.swt/Eclipse SWT/emulated/expand/org/eclipse/swt/widgets/ExpandItem.java
8725125,no_file,long method,function,git@github.com:eclipse/eclipse.platform.swt.git,/bundles/org.eclipse.swt/Eclipse SWT/emulated/taskbar/org/eclipse/swt/widgets/TaskBar.java,50,60,org.eclipse.swt.widgets.TaskBar#createItem TaskItem|int,bundles/org.eclipse.swt/Eclipse SWT/emulated/taskbar/org/eclipse/swt/widgets/TaskBar.java
8703330,no_file,long method,function,git@github.com:eclipse/eclipse.platform.swt.git,/tests/org.eclipse.swt.tests.gtk/ManualTests/org/eclipse/swt/tests/gtk/snippets/Bug499850_VirtualTableHang.java,34,85,org.eclipse.swt.tests.gtk.snippets.Bug499850_VirtualTableHang.main String[],tests/org.eclipse.swt.tests.gtk/ManualTests/org/eclipse/swt/tests/gtk/snippets/Bug499850_VirtualTableHang.java
8711809,no_file,long method,function,git@github.com:eclipse/eclipse.platform.swt.git,/examples/org.eclipse.swt.examples/src/org/eclipse/swt/examples/paint/TextTool.java,71,75,org.eclipse.swt.examples.paint.TextTool#beginSession,examples/org.eclipse.swt.examples/src/org/eclipse/swt/examples/paint/TextTool.java
8717601,no_file,feature envy,function,git@github.com:eclipse/eclipse.platform.swt.git,/tests/org.eclipse.swt.tests.gtk/ManualTests/org/eclipse/swt/tests/gtk/snippets/Bug531667_GC_transform_is_wrong.java,47,67,org.eclipse.swt.tests.gtk.snippets.Bug531667_GC_transform_is_wrong.main String[],tests/org.eclipse.swt.tests.gtk/ManualTests/org/eclipse/swt/tests/gtk/snippets/Bug531667_GC_transform_is_wrong.java
8702985,no_file,data class,class,git@github.com:eclipse/eclipse.platform.swt.git,/bundles/org.eclipse.swt.tools/JNI Generation/org/eclipse/swt/tools/internal/LockGenerator.java,20,147,org.eclipse.swt.tools.internal.LockGenerator,bundles/org.eclipse.swt.tools/JNI Generation/org/eclipse/swt/tools/internal/LockGenerator.java
8705503,no_file,feature envy,function,git@github.com:eclipse/eclipse.platform.swt.git,/bundles/org.eclipse.swt/Eclipse SWT/gtk/org/eclipse/swt/widgets/DateTime.java,419,423,org.eclipse.swt.widgets.DateTime#createHandleForFixed,bundles/org.eclipse.swt/Eclipse SWT/gtk/org/eclipse/swt/widgets/DateTime.java
8702258,no_file,long method,function,git@github.com:eclipse/eclipse.platform.swt.git,/bundles/org.eclipse.swt/Eclipse SWT/cocoa/org/eclipse/swt/widgets/Table.java,2287,2314,org.eclipse.swt.widgets.Table#remove int[],bundles/org.eclipse.swt/Eclipse SWT/cocoa/org/eclipse/swt/widgets/Table.java
8724018,no_file,feature envy,function,git@github.com:eclipse/eclipse.platform.swt.git,/examples/org.eclipse.swt.examples/src/org/eclipse/swt/examples/accessibility/CTable.java,3739,3777,org.eclipse.swt.examples.accessibility.CTable#setColumnOrder int[],examples/org.eclipse.swt.examples/src/org/eclipse/swt/examples/accessibility/CTable.java
8707779,no_file,data class,class,git@github.com:eclipse/eclipse.platform.swt.git,/tests/org.eclipse.swt.tests/JUnit Tests/org/eclipse/swt/tests/junit/Test_org_eclipse_swt_widgets_Composite.java,38,138,org.eclipse.swt.tests.junit.Test_org_eclipse_swt_widgets_Composite,tests/org.eclipse.swt.tests/JUnit Tests/org/eclipse/swt/tests/junit/Test_org_eclipse_swt_widgets_Composite.java
8708013,no_file,long method,function,git@github.com:eclipse/eclipse.platform.swt.git,/bundles/org.eclipse.swt/Eclipse SWT Custom Widgets/common/org/eclipse/swt/custom/CLabel.java,1011,1028,org.eclipse.swt.custom.CLabel#splitString String,bundles/org.eclipse.swt/Eclipse SWT Custom Widgets/common/org/eclipse/swt/custom/CLabel.java
8719536,no_file,data class,class,git@github.com:eclipse/eclipse.platform.swt.git,/bundles/org.eclipse.swt/Eclipse SWT/common/org/eclipse/swt/internal/image/FileFormat.java,27,135,org.eclipse.swt.internal.image.FileFormat,bundles/org.eclipse.swt/Eclipse SWT/common/org/eclipse/swt/internal/image/FileFormat.java
8719880,no_file,long method,function,git@github.com:eclipse/eclipse.platform.swt.git,/bundles/org.eclipse.swt/Eclipse SWT/common/org/eclipse/swt/graphics/Resource.java,51,55,org.eclipse.swt.graphics.Resource.Resource Device,bundles/org.eclipse.swt/Eclipse SWT/common/org/eclipse/swt/graphics/Resource.java
8723959,no_file,long method,function,git@github.com:eclipse/eclipse.platform.swt.git,/examples/org.eclipse.swt.examples/src/org/eclipse/swt/examples/accessibility/CTable.java,1456,1464,org.eclipse.swt.examples.accessibility.CTable#headerHideToolTip,examples/org.eclipse.swt.examples/src/org/eclipse/swt/examples/accessibility/CTable.java
8703582,no_file,blob,class,git@github.com:eclipse/eclipse.platform.swt.git,/tests/org.eclipse.swt.tests.gtk/ManualTests/org/eclipse/swt/tests/gtk/snippets/Bug491167_TableCursorScrolling.java,26,138,org.eclipse.swt.tests.gtk.snippets.Bug491167_TableCursorScrolling,tests/org.eclipse.swt.tests.gtk/ManualTests/org/eclipse/swt/tests/gtk/snippets/Bug491167_TableCursorScrolling.java
8706829,no_file,long method,function,git@github.com:eclipse/eclipse.platform.swt.git,/bundles/org.eclipse.swt/Eclipse SWT PI/gtk/org/eclipse/swt/internal/gtk/GDK.java,1142,1149,org.eclipse.swt.internal.gtk.GDK.gdk_event_get_scroll_direction long|int[],bundles/org.eclipse.swt/Eclipse SWT PI/gtk/org/eclipse/swt/internal/gtk/GDK.java
6382923,no_file,long method,function,git@github.com:eclipse/eclipse.platform.ui.git,/bundles/org.eclipse.ui.ide/src/org/eclipse/ui/internal/ide/ChooseWorkspaceData.java,150,161,org.eclipse.ui.internal.ide.ChooseWorkspaceData#setInitialDefault String,bundles/org.eclipse.ui.ide/src/org/eclipse/ui/internal/ide/ChooseWorkspaceData.java
6424683,no_file,blob,class,git@github.com:eclipse/eclipse.platform.ui.git,/bundles/org.eclipse.jface/src/org/eclipse/jface/window/IShellProvider.java,26,34,org.eclipse.jface.window.IShellProvider,bundles/org.eclipse.jface/src/org/eclipse/jface/window/IShellProvider.java
6427864,no_file,feature envy,function,git@github.com:eclipse/eclipse.platform.ui.git,/bundles/org.eclipse.ui.forms/src/org/eclipse/ui/internal/forms/widgets/FormUtil.java,404,414,org.eclipse.ui.internal.forms.widgets.FormUtil.scroll ScrolledComposite|int|int,bundles/org.eclipse.ui.forms/src/org/eclipse/ui/internal/forms/widgets/FormUtil.java
6427329,no_file,long method,function,git@github.com:eclipse/eclipse.platform.ui.git,/bundles/org.eclipse.ui.navigator/src/org/eclipse/ui/internal/navigator/VisibilityAssistant.java,125,130,org.eclipse.ui.internal.navigator.VisibilityAssistant#notifyClients,bundles/org.eclipse.ui.navigator/src/org/eclipse/ui/internal/navigator/VisibilityAssistant.java
6427968,no_file,long method,function,git@github.com:eclipse/eclipse.platform.ui.git,/tests/org.eclipse.ui.tests/Eclipse UI Tests/org/eclipse/ui/tests/dialogs/UIMessageDialogs.java,174,177,org.eclipse.ui.tests.dialogs.UIMessageDialogs#testInvalidType_2,tests/org.eclipse.ui.tests/Eclipse UI Tests/org/eclipse/ui/tests/dialogs/UIMessageDialogs.java
6427227,no_file,blob,class,git@github.com:eclipse/eclipse.platform.ui.git,/bundles/org.eclipse.ui.navigator/src/org/eclipse/ui/internal/navigator/sorters/SkeletonViewerSorter.java,23,30,org.eclipse.ui.internal.navigator.sorters.SkeletonViewerSorter,bundles/org.eclipse.ui.navigator/src/org/eclipse/ui/internal/navigator/sorters/SkeletonViewerSorter.java
6385711,no_file,blob,class,git@github.com:eclipse/eclipse.platform.ui.git,/bundles/org.eclipse.jface.databinding/src/org/eclipse/jface/databinding/viewers/ObservableSetTreeContentProvider.java,43,215,org.eclipse.jface.databinding.viewers.ObservableSetTreeContentProvider,bundles/org.eclipse.jface.databinding/src/org/eclipse/jface/databinding/viewers/ObservableSetTreeContentProvider.java
6412439,no_file,data class,class,git@github.com:eclipse/eclipse.platform.ui.git,/bundles/org.eclipse.ui.workbench/Eclipse UI/org/eclipse/ui/internal/themes/ThemeElementDefinition.java,25,168,org.eclipse.ui.internal.themes.ThemeElementDefinition,bundles/org.eclipse.ui.workbench/Eclipse UI/org/eclipse/ui/internal/themes/ThemeElementDefinition.java
6383930,no_file,blob,class,git@github.com:eclipse/eclipse.platform.ui.git,/tests/org.eclipse.ui.tests/Eclipse UI Tests/org/eclipse/ui/tests/api/MockEditorActionBarContributor.java,22,101,org.eclipse.ui.tests.api.MockEditorActionBarContributor,tests/org.eclipse.ui.tests/Eclipse UI Tests/org/eclipse/ui/tests/api/MockEditorActionBarContributor.java
6424791,no_file,feature envy,function,git@github.com:eclipse/eclipse.platform.ui.git,/bundles/org.eclipse.ui.workbench/Eclipse UI/org/eclipse/ui/handlers/ShowViewHandler.java,97,115,org.eclipse.ui.handlers.ShowViewHandler.openOther ExecutionEvent|IWorkbenchWindow|MApplication|EPartService,bundles/org.eclipse.ui.workbench/Eclipse UI/org/eclipse/ui/handlers/ShowViewHandler.java
6424656,no_file,data class,class,git@github.com:eclipse/eclipse.platform.ui.git,/bundles/org.eclipse.ui.workbench/Eclipse UI/org/eclipse/ui/internal/ReferenceCounter.java,36,74,org.eclipse.ui.internal.ReferenceCounter.RefRec,bundles/org.eclipse.ui.workbench/Eclipse UI/org/eclipse/ui/internal/ReferenceCounter.java
6417561,no_file,long method,function,git@github.com:eclipse/eclipse.platform.ui.git,/bundles/org.eclipse.ui.workbench/Eclipse UI/org/eclipse/ui/dialogs/TypeFilteringDialog.java,252,267,org.eclipse.ui.dialogs.TypeFilteringDialog#getInput,bundles/org.eclipse.ui.workbench/Eclipse UI/org/eclipse/ui/dialogs/TypeFilteringDialog.java
6404028,no_file,data class,class,git@github.com:eclipse/eclipse.platform.ui.git,/bundles/org.eclipse.jface/src/org/eclipse/jface/bindings/keys/KeySequenceText.java,402,440,org.eclipse.jface.bindings.keys.KeySequenceText.TraversalFilterManager,bundles/org.eclipse.jface/src/org/eclipse/jface/bindings/keys/KeySequenceText.java
6375252,no_file,blob,class,git@github.com:eclipse/eclipse.platform.ui.git,/bundles/org.eclipse.jface/src/org/eclipse/jface/viewers/ColumnLabelProvider.java,31,71,org.eclipse.jface.viewers.ColumnLabelProvider,bundles/org.eclipse.jface/src/org/eclipse/jface/viewers/ColumnLabelProvider.java
6413248,no_file,blob,class,git@github.com:eclipse/eclipse.platform.ui.git,/bundles/org.eclipse.ui.workbench/Eclipse UI/org/eclipse/ui/internal/AbstractEvaluationHandler.java,30,81,org.eclipse.ui.internal.AbstractEvaluationHandler,bundles/org.eclipse.ui.workbench/Eclipse UI/org/eclipse/ui/internal/AbstractEvaluationHandler.java
6413795,no_file,blob,class,git@github.com:eclipse/eclipse.platform.ui.git,/tests/org.eclipse.ui.tests/Eclipse UI Tests/org/eclipse/ui/tests/dialogs/DeprecatedUIWizardsAuto.java,45,340,org.eclipse.ui.tests.dialogs.DeprecatedUIWizardsAuto,tests/org.eclipse.ui.tests/Eclipse UI Tests/org/eclipse/ui/tests/dialogs/DeprecatedUIWizardsAuto.java
6406918,no_file,long method,function,git@github.com:eclipse/eclipse.platform.ui.git,/bundles/org.eclipse.e4.ui.css.swt/src/org/eclipse/e4/ui/css/swt/properties/css2/CSSPropertyFontSWTHandler.java,378,387,org.eclipse.e4.ui.css.swt.properties.css2.CSSPropertyFontSWTHandler.FontSelectionListener#styleSelected Item,bundles/org.eclipse.e4.ui.css.swt/src/org/eclipse/e4/ui/css/swt/properties/css2/CSSPropertyFontSWTHandler.java
6375517,no_file,blob,class,git@github.com:eclipse/eclipse.platform.ui.git,/bundles/org.eclipse.e4.ui.model.workbench/src/org/eclipse/e4/ui/model/application/ui/menu/impl/HandledMenuItemImpl.java,49,327,org.eclipse.e4.ui.model.application.ui.menu.impl.HandledMenuItemImpl,bundles/org.eclipse.e4.ui.model.workbench/src/org/eclipse/e4/ui/model/application/ui/menu/impl/HandledMenuItemImpl.java
6398820,no_file,data class,class,git@github.com:eclipse/eclipse.platform.ui.git,/bundles/org.eclipse.ui.workbench/Eclipse UI/org/eclipse/ui/internal/themes/WorkbenchThemeManager.java,536,602,org.eclipse.ui.internal.themes.WorkbenchThemeManager.ThemeRegistryModifiedHandler,bundles/org.eclipse.ui.workbench/Eclipse UI/org/eclipse/ui/internal/themes/WorkbenchThemeManager.java
6369779,no_file,data class,class,git@github.com:eclipse/eclipse.platform.ui.git,/bundles/org.eclipse.ui.views/src/org/eclipse/ui/views/properties/IPropertyDescriptor.java,55,154,org.eclipse.ui.views.properties.IPropertyDescriptor,bundles/org.eclipse.ui.views/src/org/eclipse/ui/views/properties/IPropertyDescriptor.java
6371353,no_file,long method,function,git@github.com:eclipse/eclipse.platform.ui.git,/tests/org.eclipse.jface.tests.databinding/src/org/eclipse/core/tests/databinding/observable/Diffs_ListDiffTests.java,289,311,org.eclipse.core.tests.databinding.observable.Diffs_ListDiffTests.checkComputedListDiff List<Object>|List<Object>,tests/org.eclipse.jface.tests.databinding/src/org/eclipse/core/tests/databinding/observable/Diffs_ListDiffTests.java
6372035,no_file,long method,function,git@github.com:eclipse/eclipse.platform.ui.git,/examples/org.eclipse.jface.snippets/Eclipse JFace Snippets/org/eclipse/jface/snippets/viewers/BooleanCellEditor.java,69,90,org.eclipse.jface.snippets.viewers.BooleanCellEditor#createControl Composite,examples/org.eclipse.jface.snippets/Eclipse JFace Snippets/org/eclipse/jface/snippets/viewers/BooleanCellEditor.java
6428158,no_file,blob,class,git@github.com:eclipse/eclipse.platform.ui.git,/bundles/org.eclipse.core.databinding.property/src/org/eclipse/core/databinding/property/map/DelegatingMapProperty.java,38,149,org.eclipse.core.databinding.property.map.DelegatingMapProperty,bundles/org.eclipse.core.databinding.property/src/org/eclipse/core/databinding/property/map/DelegatingMapProperty.java
6403812,no_file,feature envy,function,git@github.com:eclipse/eclipse.platform.ui.git,/bundles/org.eclipse.ui.workbench/Eclipse UI/org/eclipse/ui/internal/EditorReference.java,113,128,org.eclipse.ui.internal.EditorReference#persist,bundles/org.eclipse.ui.workbench/Eclipse UI/org/eclipse/ui/internal/EditorReference.java
6416620,no_file,blob,class,git@github.com:eclipse/eclipse.platform.ui.git,/examples/org.eclipse.ui.examples.readmetool/Eclipse UI Examples Readme Tool/org/eclipse/ui/examples/readmetool/ReadmeMarkerResolutionGenerator.java,24,37,org.eclipse.ui.examples.readmetool.ReadmeMarkerResolutionGenerator,examples/org.eclipse.ui.examples.readmetool/Eclipse UI Examples Readme Tool/org/eclipse/ui/examples/readmetool/ReadmeMarkerResolutionGenerator.java
6419975,no_file,long method,function,git@github.com:eclipse/eclipse.platform.ui.git,/bundles/org.eclipse.ui.ide/src/org/eclipse/ui/views/navigator/NavigatorDropAdapter.java,405,429,org.eclipse.ui.views.navigator.NavigatorDropAdapter#queryOverwrite String,bundles/org.eclipse.ui.ide/src/org/eclipse/ui/views/navigator/NavigatorDropAdapter.java
6370656,no_file,feature envy,function,git@github.com:eclipse/eclipse.platform.ui.git,/bundles/org.eclipse.e4.ui.progress/src/org/eclipse/e4/ui/progress/internal/FinishedJobs.java,231,267,org.eclipse.e4.ui.progress.internal.FinishedJobs#findJobsToRemove JobTreeElement,bundles/org.eclipse.e4.ui.progress/src/org/eclipse/e4/ui/progress/internal/FinishedJobs.java
6414926,no_file,feature envy,function,git@github.com:eclipse/eclipse.platform.ui.git,/bundles/org.eclipse.ui.workbench/Eclipse UI/org/eclipse/ui/internal/menus/WorkbenchMenuService.java,399,410,org.eclipse.ui.internal.menus.WorkbenchMenuService#releaseContributions ContributionManager,bundles/org.eclipse.ui.workbench/Eclipse UI/org/eclipse/ui/internal/menus/WorkbenchMenuService.java
6392324,no_file,feature envy,function,git@github.com:eclipse/eclipse.platform.ui.git,/tests/org.eclipse.ui.tests/Eclipse UI Tests/org/eclipse/ui/tests/commands/IntegerConverter.java,33,42,org.eclipse.ui.tests.commands.IntegerConverter#convertToString Object,tests/org.eclipse.ui.tests/Eclipse UI Tests/org/eclipse/ui/tests/commands/IntegerConverter.java
6387077,no_file,blob,class,git@github.com:eclipse/eclipse.platform.ui.git,/bundles/org.eclipse.e4.ui.css.core/src/org/eclipse/e4/ui/css/core/dom/properties/css2/ICSSPropertyPaddingHandler.java,26,113,org.eclipse.e4.ui.css.core.dom.properties.css2.ICSSPropertyPaddingHandler,bundles/org.eclipse.e4.ui.css.core/src/org/eclipse/e4/ui/css/core/dom/properties/css2/ICSSPropertyPaddingHandler.java
6406137,no_file,blob,class,git@github.com:eclipse/eclipse.platform.ui.git,/bundles/org.eclipse.e4.ui.css.core/src/org/eclipse/e4/ui/css/core/impl/dom/CSSValueListImpl.java,24,77,org.eclipse.e4.ui.css.core.impl.dom.CSSValueListImpl,bundles/org.eclipse.e4.ui.css.core/src/org/eclipse/e4/ui/css/core/impl/dom/CSSValueListImpl.java
6417488,no_file,feature envy,function,git@github.com:eclipse/eclipse.platform.ui.git,/examples/org.eclipse.jface.snippets/Eclipse JFace Snippets/org/eclipse/jface/snippets/viewers/Snippet031TableViewerCustomTooltipsMultiSelection.java,216,271,org.eclipse.jface.snippets.viewers.Snippet031TableViewerCustomTooltipsMultiSelection.TooltipLabelListener#handleEvent Event,examples/org.eclipse.jface.snippets/Eclipse JFace Snippets/org/eclipse/jface/snippets/viewers/Snippet031TableViewerCustomTooltipsMultiSelection.java
6386818,no_file,long method,function,git@github.com:eclipse/eclipse.platform.ui.git,/bundles/org.eclipse.ui.workbench/Eclipse UI/org/eclipse/ui/internal/ActionExpression.java,977,986,org.eclipse.ui.internal.ActionExpression#hashCode,bundles/org.eclipse.ui.workbench/Eclipse UI/org/eclipse/ui/internal/ActionExpression.java
6398249,no_file,long method,function,git@github.com:eclipse/eclipse.platform.ui.git,/bundles/org.eclipse.jface/src/org/eclipse/jface/util/Assert.java,166,172,org.eclipse.jface.util.Assert.isTrue boolean,bundles/org.eclipse.jface/src/org/eclipse/jface/util/Assert.java
6387608,no_file,long method,function,git@github.com:eclipse/eclipse.platform.ui.git,/bundles/org.eclipse.e4.ui.model.workbench/src/org/eclipse/e4/ui/model/application/impl/ApplicationImpl.java,337,342,org.eclipse.e4.ui.model.application.impl.ApplicationImpl#getVariables,bundles/org.eclipse.e4.ui.model.workbench/src/org/eclipse/e4/ui/model/application/impl/ApplicationImpl.java
6379553,no_file,data class,class,git@github.com:eclipse/eclipse.platform.ui.git,/bundles/org.eclipse.jface/src/org/eclipse/jface/fieldassist/ContentProposalAdapter.java,63,2173,org.eclipse.jface.fieldassist.ContentProposalAdapter,bundles/org.eclipse.jface/src/org/eclipse/jface/fieldassist/ContentProposalAdapter.java
6393344,no_file,feature envy,function,git@github.com:eclipse/eclipse.platform.ui.git,/tests/org.eclipse.jface.tests/src/org/eclipse/jface/widgets/TestUnitTextFactory.java,35,61,org.eclipse.jface.widgets.TestUnitTextFactory#createsTextWithAllProperties,tests/org.eclipse.jface.tests/src/org/eclipse/jface/widgets/TestUnitTextFactory.java
6425142,no_file,blob,class,git@github.com:eclipse/eclipse.platform.ui.git,/bundles/org.eclipse.e4.ui.css.swt/src/org/eclipse/e4/ui/css/swt/properties/custom/CSSPropertyOuterKeylineSWTHandler.java,25,50,org.eclipse.e4.ui.css.swt.properties.custom.CSSPropertyOuterKeylineSWTHandler,bundles/org.eclipse.e4.ui.css.swt/src/org/eclipse/e4/ui/css/swt/properties/custom/CSSPropertyOuterKeylineSWTHandler.java
6391534,no_file,blob,class,git@github.com:eclipse/eclipse.platform.ui.git,/bundles/org.eclipse.core.databinding.property/src/org/eclipse/core/databinding/property/value/SimpleValueProperty.java,54,99,org.eclipse.core.databinding.property.value.SimpleValueProperty,bundles/org.eclipse.core.databinding.property/src/org/eclipse/core/databinding/property/value/SimpleValueProperty.java
6427852,no_file,feature envy,function,git@github.com:eclipse/eclipse.platform.ui.git,/bundles/org.eclipse.ui.forms/src/org/eclipse/ui/internal/forms/widgets/FormUtil.java,176,208,org.eclipse.ui.internal.forms.widgets.FormUtil.computeWrapSize GC|String|int,bundles/org.eclipse.ui.forms/src/org/eclipse/ui/internal/forms/widgets/FormUtil.java
6414719,no_file,blob,class,git@github.com:eclipse/eclipse.platform.ui.git,/bundles/org.eclipse.core.databinding.property/src/org/eclipse/core/databinding/property/set/UnionSetProperty.java,37,94,org.eclipse.core.databinding.property.set.UnionSetProperty,bundles/org.eclipse.core.databinding.property/src/org/eclipse/core/databinding/property/set/UnionSetProperty.java
6389069,no_file,long method,function,git@github.com:eclipse/eclipse.platform.ui.git,/bundles/org.eclipse.jface/src/org/eclipse/jface/viewers/DialogCellEditor.java,293,310,org.eclipse.jface.viewers.DialogCellEditor#getButtonFocusListener,bundles/org.eclipse.jface/src/org/eclipse/jface/viewers/DialogCellEditor.java
6396521,no_file,feature envy,function,git@github.com:eclipse/eclipse.platform.ui.git,/bundles/org.eclipse.ui.workbench/Eclipse UI/org/eclipse/ui/internal/menus/ActionSet.java,202,210,org.eclipse.ui.internal.menus.ActionSet#createVisibleWhen,bundles/org.eclipse.ui.workbench/Eclipse UI/org/eclipse/ui/internal/menus/ActionSet.java
6393486,no_file,data class,class,git@github.com:eclipse/eclipse.platform.ui.git,/bundles/org.eclipse.jface/src/org/eclipse/jface/util/VisualTextDirectionSegmentListener.java,25,58,org.eclipse.jface.util.VisualTextDirectionSegmentListener,bundles/org.eclipse.jface/src/org/eclipse/jface/util/VisualTextDirectionSegmentListener.java
6419181,no_file,long method,function,git@github.com:eclipse/eclipse.platform.ui.git,/bundles/org.eclipse.ui.workbench/Eclipse UI/org/eclipse/ui/internal/ObjectContributorManager.java,879,913,org.eclipse.ui.internal.ObjectContributorManager#getCommonResourceClass List,bundles/org.eclipse.ui.workbench/Eclipse UI/org/eclipse/ui/internal/ObjectContributorManager.java
6372633,no_file,blob,class,git@github.com:eclipse/eclipse.platform.ui.git,/bundles/org.eclipse.ui.navigator/src/org/eclipse/ui/internal/navigator/wizards/WizardShortcutAction.java,43,116,org.eclipse.ui.internal.navigator.wizards.WizardShortcutAction,bundles/org.eclipse.ui.navigator/src/org/eclipse/ui/internal/navigator/wizards/WizardShortcutAction.java
6381040,no_file,long method,function,git@github.com:eclipse/eclipse.platform.ui.git,/tests/org.eclipse.e4.ui.menu.tests.p1/src/org/eclipse/e4/ui/menu/tests/p1/Activator.java,24,28,org.eclipse.e4.ui.menu.tests.p1.Activator#start BundleContext,tests/org.eclipse.e4.ui.menu.tests.p1/src/org/eclipse/e4/ui/menu/tests/p1/Activator.java
6371049,no_file,blob,class,git@github.com:eclipse/eclipse.platform.ui.git,/bundles/org.eclipse.ui.browser/src/org/eclipse/ui/internal/browser/BusyIndicator.java,28,175,org.eclipse.ui.internal.browser.BusyIndicator,bundles/org.eclipse.ui.browser/src/org/eclipse/ui/internal/browser/BusyIndicator.java
6388458,no_file,blob,class,git@github.com:eclipse/eclipse.platform.ui.git,/examples/org.eclipse.jface.snippets/Eclipse JFace Snippets/org/eclipse/jface/snippets/wizard/Snippet071WizardWithProgressAndCancel.java,43,60,org.eclipse.jface.snippets.wizard.Snippet071WizardWithProgressAndCancel.MyWizard.MyPage,examples/org.eclipse.jface.snippets/Eclipse JFace Snippets/org/eclipse/jface/snippets/wizard/Snippet071WizardWithProgressAndCancel.java
6368019,no_file,feature envy,function,git@github.com:eclipse/eclipse.platform.ui.git,/bundles/org.eclipse.ui.workbench/Eclipse UI/org/eclipse/ui/internal/EditorMenuManager.java,215,223,org.eclipse.ui.internal.EditorMenuManager#getAllContributedActions HashSet|IContributionItem,bundles/org.eclipse.ui.workbench/Eclipse UI/org/eclipse/ui/internal/EditorMenuManager.java
6387249,no_file,blob,class,git@github.com:eclipse/eclipse.platform.ui.git,/bundles/org.eclipse.ui.workbench/Eclipse UI/org/eclipse/ui/commands/NotHandledException.java,27,62,org.eclipse.ui.commands.NotHandledException,bundles/org.eclipse.ui.workbench/Eclipse UI/org/eclipse/ui/commands/NotHandledException.java
6374724,no_file,blob,class,git@github.com:eclipse/eclipse.platform.ui.git,/bundles/org.eclipse.ui.workbench/Eclipse UI/org/eclipse/ui/internal/keys/model/BindingModel.java,41,462,org.eclipse.ui.internal.keys.model.BindingModel,bundles/org.eclipse.ui.workbench/Eclipse UI/org/eclipse/ui/internal/keys/model/BindingModel.java
6157376,no_file,blob,class,git@github.com:eclipse/egit-github.git,/org.eclipse.egit.github.core/src/org/eclipse/egit/github/core/Application.java,20,60,org.eclipse.egit.github.core.Application,org.eclipse.egit.github.core/src/org/eclipse/egit/github/core/Application.java
6157639,no_file,data class,class,git@github.com:eclipse/egit-github.git,/org.eclipse.mylyn.github.ui/src/org/eclipse/mylyn/internal/github/ui/gist/GistAttachmentPage.java,32,108,org.eclipse.mylyn.internal.github.ui.gist.GistAttachmentPage,org.eclipse.mylyn.github.ui/src/org/eclipse/mylyn/internal/github/ui/gist/GistAttachmentPage.java
6178268,no_file,blob,class,git@github.com:eclipse/egit.git,/org.eclipse.egit.ui.test/src/org/eclipse/egit/ui/common/SharingWizard.java,21,36,org.eclipse.egit.ui.common.SharingWizard,org.eclipse.egit.ui.test/src/org/eclipse/egit/ui/common/SharingWizard.java
6191838,no_file,blob,class,git@github.com:eclipse/egit.git,/org.eclipse.egit.ui/src/org/eclipse/egit/ui/internal/synchronize/action/ExpandAllModelAction.java,30,46,org.eclipse.egit.ui.internal.synchronize.action.ExpandAllModelAction.ExpandAllAction,org.eclipse.egit.ui/src/org/eclipse/egit/ui/internal/synchronize/action/ExpandAllModelAction.java
6186565,no_file,feature envy,function,git@github.com:eclipse/egit.git,/org.eclipse.egit.ui/src/org/eclipse/egit/ui/internal/preferences/GitDecoratorPreferencePage.java,244,323,org.eclipse.egit.ui.internal.preferences.GitDecoratorPreferencePage#createContents Composite,org.eclipse.egit.ui/src/org/eclipse/egit/ui/internal/preferences/GitDecoratorPreferencePage.java
6180154,no_file,long method,function,git@github.com:eclipse/egit.git,/org.eclipse.egit.ui.test/src/org/eclipse/egit/ui/common/CompareEditorTester.java,62,73,org.eclipse.egit.ui.common.CompareEditorTester#getNonAncestorEditor int,org.eclipse.egit.ui.test/src/org/eclipse/egit/ui/common/CompareEditorTester.java
6185975,no_file,feature envy,function,git@github.com:eclipse/egit.git,/org.eclipse.egit.gitflow/src/org/eclipse/egit/gitflow/op/FeatureCheckoutOperation.java,35,45,org.eclipse.egit.gitflow.op.FeatureCheckoutOperation#execute IProgressMonitor,org.eclipse.egit.gitflow/src/org/eclipse/egit/gitflow/op/FeatureCheckoutOperation.java
6192331,no_file,blob,class,git@github.com:eclipse/egit.git,/org.eclipse.egit.ui/src/org/eclipse/egit/ui/internal/provisional/wizards/GitRepositoryInfo.java,41,68,org.eclipse.egit.ui.internal.provisional.wizards.GitRepositoryInfo.PushInfo,org.eclipse.egit.ui/src/org/eclipse/egit/ui/internal/provisional/wizards/GitRepositoryInfo.java
6172019,no_file,data class,class,git@github.com:eclipse/egit.git,/org.eclipse.egit.ui/src/org/eclipse/egit/ui/internal/push/PushResultTable.java,64,75,org.eclipse.egit.ui.internal.push.PushResultTable.SpellcheckableMessageAreaExtension,org.eclipse.egit.ui/src/org/eclipse/egit/ui/internal/push/PushResultTable.java
6191994,no_file,long method,function,git@github.com:eclipse/egit.git,/org.eclipse.egit.ui/src/org/eclipse/egit/ui/internal/reflog/ReflogItem.java,42,50,org.eclipse.egit.ui.internal.reflog.ReflogItem#getAdapter Class<T>,org.eclipse.egit.ui/src/org/eclipse/egit/ui/internal/reflog/ReflogItem.java
6267409,no_file,blob,class,git@github.com:eclipse/jgit.git,/org.eclipse.jgit.ssh.apache/src/org/eclipse/jgit/internal/transport/sshd/JGitHostConfigEntry.java,58,102,org.eclipse.jgit.internal.transport.sshd.JGitHostConfigEntry,org.eclipse.jgit.ssh.apache/src/org/eclipse/jgit/internal/transport/sshd/JGitHostConfigEntry.java
6280639,no_file,blob,class,git@github.com:eclipse/jgit.git,/org.eclipse.jgit.http.server/src/org/eclipse/jgit/http/server/resolver/DefaultReceivePackFactory.java,70,114,org.eclipse.jgit.http.server.resolver.DefaultReceivePackFactory,org.eclipse.jgit.http.server/src/org/eclipse/jgit/http/server/resolver/DefaultReceivePackFactory.java
6278076,no_file,long method,function,git@github.com:eclipse/jgit.git,/org.eclipse.jgit/src/org/eclipse/jgit/api/RevertCommand.java,264,267,org.eclipse.jgit.api.RevertCommand#include String|AnyObjectId,org.eclipse.jgit/src/org/eclipse/jgit/api/RevertCommand.java
6277045,no_file,blob,class,git@github.com:eclipse/jgit.git,/org.eclipse.jgit/src/org/eclipse/jgit/lib/Ref.java,62,243,org.eclipse.jgit.lib.Ref,org.eclipse.jgit/src/org/eclipse/jgit/lib/Ref.java
6276517,no_file,long method,function,git@github.com:eclipse/jgit.git,/org.eclipse.jgit/src/org/eclipse/jgit/internal/storage/pack/PackWriter.java,1777,1995,org.eclipse.jgit.internal.storage.pack.PackWriter#findObjectsToPack ProgressMonitor|ObjectWalk|Set<? extends ObjectId>|Set<? extends ObjectId>|Set<? extends ObjectId>,org.eclipse.jgit/src/org/eclipse/jgit/internal/storage/pack/PackWriter.java
6279768,no_file,blob,class,git@github.com:eclipse/jgit.git,/org.eclipse.jgit.ssh.apache/src/org/eclipse/jgit/transport/sshd/SshdSession.java,85,485,org.eclipse.jgit.transport.sshd.SshdSession,org.eclipse.jgit.ssh.apache/src/org/eclipse/jgit/transport/sshd/SshdSession.java
6268790,no_file,data class,class,git@github.com:eclipse/jgit.git,/org.eclipse.jgit/src/org/eclipse/jgit/transport/PreUploadHook.java,60,147,org.eclipse.jgit.transport.PreUploadHook,org.eclipse.jgit/src/org/eclipse/jgit/transport/PreUploadHook.java
6277868,no_file,long method,function,git@github.com:eclipse/jgit.git,/org.eclipse.jgit/src/org/eclipse/jgit/transport/UploadPack.java,1798,1803,org.eclipse.jgit.transport.UploadPack.ReachableCommitRequestValidator#checkWants UploadPack|List<ObjectId>,org.eclipse.jgit/src/org/eclipse/jgit/transport/UploadPack.java
6266636,no_file,blob,class,git@github.com:eclipse/jgit.git,/org.eclipse.jgit.lfs/src/org/eclipse/jgit/lfs/lib/Constants.java,56,154,org.eclipse.jgit.lfs.lib.Constants,org.eclipse.jgit.lfs/src/org/eclipse/jgit/lfs/lib/Constants.java
6279766,no_file,long method,function,git@github.com:eclipse/jgit.git,/org.eclipse.jgit.lfs.server/src/org/eclipse/jgit/lfs/server/TransferHandler.java,122,132,org.eclipse.jgit.lfs.server.TransferHandler.Download#process,org.eclipse.jgit.lfs.server/src/org/eclipse/jgit/lfs/server/TransferHandler.java
6270951,no_file,feature envy,function,git@github.com:eclipse/jgit.git,/org.eclipse.jgit/src/org/eclipse/jgit/internal/ketch/RemoteGitReplica.java,255,265,org.eclipse.jgit.internal.ketch.RemoteGitReplica#blockingFetch Repository|ReplicaFetchRequest,org.eclipse.jgit/src/org/eclipse/jgit/internal/ketch/RemoteGitReplica.java
6277787,no_file,data class,class,git@github.com:eclipse/jgit.git,/org.eclipse.jgit.archive/src/org/eclipse/jgit/archive/FormatActivator.java,58,81,org.eclipse.jgit.archive.FormatActivator,org.eclipse.jgit.archive/src/org/eclipse/jgit/archive/FormatActivator.java
6272855,no_file,data class,class,git@github.com:eclipse/jgit.git,/org.eclipse.jgit/src/org/eclipse/jgit/internal/storage/file/BitSet.java,54,121,org.eclipse.jgit.internal.storage.file.BitSet,org.eclipse.jgit/src/org/eclipse/jgit/internal/storage/file/BitSet.java
6279420,no_file,data class,class,git@github.com:eclipse/jgit.git,/org.eclipse.jgit/src/org/eclipse/jgit/internal/storage/pack/DeltaTask.java,258,270,org.eclipse.jgit.internal.storage.pack.DeltaTask.Slice,org.eclipse.jgit/src/org/eclipse/jgit/internal/storage/pack/DeltaTask.java
6280313,no_file,data class,class,git@github.com:eclipse/jgit.git,/org.eclipse.jgit/src/org/eclipse/jgit/transport/WalkEncryption.java,174,275,org.eclipse.jgit.transport.WalkEncryption.JetS3tV2,org.eclipse.jgit/src/org/eclipse/jgit/transport/WalkEncryption.java
6350501,no_file,blob,class,git@github.com:eclipse/linuxtools.git,/systemtap/org.eclipse.linuxtools.systemtap.ui.ide/src/org/eclipse/linuxtools/internal/systemtap/ui/ide/editors/stp/STPIndenter.java,45,2342,org.eclipse.linuxtools.internal.systemtap.ui.ide.editors.stp.STPIndenter,systemtap/org.eclipse.linuxtools.systemtap.ui.ide/src/org/eclipse/linuxtools/internal/systemtap/ui/ide/editors/stp/STPIndenter.java
6346740,no_file,long method,function,git@github.com:eclipse/linuxtools.git,/containers/org.eclipse.linuxtools.docker.ui.tests/src/org/eclipse/linuxtools/internal/docker/ui/testutils/MockImageInfoFactory.java,63,66,org.eclipse.linuxtools.internal.docker.ui.testutils.MockImageInfoFactory.Builder#entrypoint List<String>,containers/org.eclipse.linuxtools.docker.ui.tests/src/org/eclipse/linuxtools/internal/docker/ui/testutils/MockImageInfoFactory.java
6344285,no_file,long method,function,git@github.com:eclipse/linuxtools.git,/rpm/org.eclipse.linuxtools.rpm.ui.editor/src/org/eclipse/linuxtools/internal/rpm/ui/editor/preferences/PreferenceInitializer.java,25,59,org.eclipse.linuxtools.internal.rpm.ui.editor.preferences.PreferenceInitializer#initializeDefaultPreferences,rpm/org.eclipse.linuxtools.rpm.ui.editor/src/org/eclipse/linuxtools/internal/rpm/ui/editor/preferences/PreferenceInitializer.java
6340979,no_file,long method,function,git@github.com:eclipse/linuxtools.git,/valgrind/org.eclipse.linuxtools.valgrind.ui.editor/src/org/eclipse/linuxtools/internal/valgrind/ui/editor/wizards/NewSuppressionWizard.java,73,81,org.eclipse.linuxtools.internal.valgrind.ui.editor.wizards.NewSuppressionWizard#addPages,valgrind/org.eclipse.linuxtools.valgrind.ui.editor/src/org/eclipse/linuxtools/internal/valgrind/ui/editor/wizards/NewSuppressionWizard.java
6337145,no_file,data class,class,git@github.com:eclipse/linuxtools.git,/containers/org.eclipse.linuxtools.docker.editor/src/org/eclipse/linuxtools/internal/docker/editor/DockerConfiguration.java,26,65,org.eclipse.linuxtools.internal.docker.editor.DockerConfiguration,containers/org.eclipse.linuxtools.docker.editor/src/org/eclipse/linuxtools/internal/docker/editor/DockerConfiguration.java
6339455,no_file,long method,function,git@github.com:eclipse/linuxtools.git,/perf/org.eclipse.linuxtools.perf/src/org/eclipse/linuxtools/internal/perf/PerfPlugin.java,230,234,org.eclipse.linuxtools.internal.perf.PerfPlugin#start BundleContext,perf/org.eclipse.linuxtools.perf/src/org/eclipse/linuxtools/internal/perf/PerfPlugin.java
6344428,no_file,blob,class,git@github.com:eclipse/linuxtools.git,/oprofile/org.eclipse.linuxtools.oprofile.core/src/org/eclipse/linuxtools/internal/oprofile/core/opxml/info/EventListProcessor.java,49,80,org.eclipse.linuxtools.internal.oprofile.core.opxml.info.EventListProcessor.MaskProcessor,oprofile/org.eclipse.linuxtools.oprofile.core/src/org/eclipse/linuxtools/internal/oprofile/core/opxml/info/EventListProcessor.java
6341451,no_file,data class,class,git@github.com:eclipse/linuxtools.git,/containers/org.eclipse.linuxtools.docker.ui/src/org/eclipse/linuxtools/internal/docker/ui/wizards/ContainerEnvironmentVariableDialog.java,34,154,org.eclipse.linuxtools.internal.docker.ui.wizards.ContainerEnvironmentVariableDialog,containers/org.eclipse.linuxtools.docker.ui/src/org/eclipse/linuxtools/internal/docker/ui/wizards/ContainerEnvironmentVariableDialog.java
6351518,no_file,feature envy,function,git@github.com:eclipse/linuxtools.git,/valgrind/org.eclipse.linuxtools.valgrind.launch/src/org/eclipse/linuxtools/internal/valgrind/launch/ValgrindOptionsTab.java,638,672,org.eclipse.linuxtools.internal.valgrind.launch.ValgrindOptionsTab#setDefaults ILaunchConfigurationWorkingCopy,valgrind/org.eclipse.linuxtools.valgrind.launch/src/org/eclipse/linuxtools/internal/valgrind/launch/ValgrindOptionsTab.java
6350174,no_file,long method,function,git@github.com:eclipse/linuxtools.git,/profiling/org.eclipse.linuxtools.dataviewers/src/org/eclipse/linuxtools/dataviewers/actions/STExpandAllTreeAction.java,35,40,org.eclipse.linuxtools.dataviewers.actions.STExpandAllTreeAction.STExpandAllTreeAction AbstractSTTreeViewer,profiling/org.eclipse.linuxtools.dataviewers/src/org/eclipse/linuxtools/dataviewers/actions/STExpandAllTreeAction.java
6346063,no_file,long method,function,git@github.com:eclipse/linuxtools.git,/containers/org.eclipse.linuxtools.docker.integration.tests/src/org/eclipse/linuxtools/docker/integration/tests/mock/MockConsoleView.java,34,38,org.eclipse.linuxtools.docker.integration.tests.mock.MockConsoleView.Builder#build,containers/org.eclipse.linuxtools.docker.integration.tests/src/org/eclipse/linuxtools/docker/integration/tests/mock/MockConsoleView.java
6357053,no_file,blob,class,git@github.com:eclipse/m2e-core.git,/org.eclipse.m2e.launching/src/org/eclipse/m2e/ui/internal/launch/MavenLaunchMainTab.java,671,699,org.eclipse.m2e.ui.internal.launch.MavenLaunchMainTab.BrowseWorkspaceFileAction,org.eclipse.m2e.launching/src/org/eclipse/m2e/ui/internal/launch/MavenLaunchMainTab.java
6358306,no_file,blob,class,git@github.com:eclipse/m2e-core.git,/org.eclipse.m2e.model.edit/src/main/java/org/eclipse/m2e/model/edit/pom/impl/ReportSetImpl.java,43,364,org.eclipse.m2e.model.edit.pom.impl.ReportSetImpl,org.eclipse.m2e.model.edit/src/main/java/org/eclipse/m2e/model/edit/pom/impl/ReportSetImpl.java
6363556,no_file,blob,class,git@github.com:eclipse/m2e-core.git,/org.eclipse.m2e.core/src/org/eclipse/m2e/core/internal/embedder/AbstractRunnable.java,24,31,org.eclipse.m2e.core.internal.embedder.AbstractRunnable,org.eclipse.m2e.core/src/org/eclipse/m2e/core/internal/embedder/AbstractRunnable.java
6363175,no_file,blob,class,git@github.com:eclipse/m2e-core.git,/org.eclipse.m2e.core/src/org/eclipse/m2e/core/internal/launch/ClasspathEntry.java,19,33,org.eclipse.m2e.core.internal.launch.ClasspathEntry,org.eclipse.m2e.core/src/org/eclipse/m2e/core/internal/launch/ClasspathEntry.java
6363367,no_file,data class,class,git@github.com:eclipse/m2e-core.git,/org.eclipse.m2e.editor/src/org/eclipse/m2e/editor/pom/MavenPomEditor.java,455,496,org.eclipse.m2e.editor.pom.MavenPomEditor.LoadEffectivePomJob,org.eclipse.m2e.editor/src/org/eclipse/m2e/editor/pom/MavenPomEditor.java
6824306,no_file,long method,function,git@github.com:eclipse/n4js.git,/plugins/org.eclipse.n4js.ui/src-gen/org/eclipse/n4js/ui/contentassist/antlr/internal/InternalN4JSParser.java,137098,137123,org.eclipse.n4js.ui.contentassist.antlr.internal.InternalN4JSParser#norm1_LogicalORExpression__Group_1_0_0__1,plugins/org.eclipse.n4js.ui/src-gen/org/eclipse/n4js/ui/contentassist/antlr/internal/InternalN4JSParser.java
6829907,no_file,long method,function,git@github.com:eclipse/n4js.git,/plugins/org.eclipse.n4js.ui/src-gen/org/eclipse/n4js/ui/contentassist/antlr/internal/InternalN4JSParser.java,181223,181248,org.eclipse.n4js.ui.contentassist.antlr.internal.InternalN4JSParser#rule__FunctionTypeExpressionOLD__Group__9,plugins/org.eclipse.n4js.ui/src-gen/org/eclipse/n4js/ui/contentassist/antlr/internal/InternalN4JSParser.java
6812825,no_file,long method,function,git@github.com:eclipse/n4js.git,/plugins/org.eclipse.n4js.ui/src-gen/org/eclipse/n4js/ui/contentassist/antlr/internal/InternalN4JSParser.java,63985,64014,org.eclipse.n4js.ui.contentassist.antlr.internal.InternalN4JSParser#norm1_AnnotatedExpression__Group_1_1__0__Impl,plugins/org.eclipse.n4js.ui/src-gen/org/eclipse/n4js/ui/contentassist/antlr/internal/InternalN4JSParser.java
6823557,no_file,long method,function,git@github.com:eclipse/n4js.git,/plugins/org.eclipse.n4js.ui/src-gen/org/eclipse/n4js/ui/contentassist/antlr/internal/InternalN4JSParser.java,125979,126045,org.eclipse.n4js.ui.contentassist.antlr.internal.InternalN4JSParser#norm3_RelationalExpression__Group__1__Impl,plugins/org.eclipse.n4js.ui/src-gen/org/eclipse/n4js/ui/contentassist/antlr/internal/InternalN4JSParser.java
6392412,no_file,data class,class,git@github.com:eclipse/nebula.widgets.nattable.git,/org.eclipse.nebula.widgets.nattable.core.test/src/org/eclipse/nebula/widgets/nattable/viewport/ViewportLayerTest2.java,21,63,org.eclipse.nebula.widgets.nattable.viewport.ViewportLayerTest2,org.eclipse.nebula.widgets.nattable.core.test/src/org/eclipse/nebula/widgets/nattable/viewport/ViewportLayerTest2.java
6407807,no_file,blob,class,git@github.com:eclipse/nebula.widgets.nattable.git,/org.eclipse.nebula.widgets.nattable.core/src/org/eclipse/nebula/widgets/nattable/copy/serializing/CopyDataToClipboardSerializer.java,21,73,org.eclipse.nebula.widgets.nattable.copy.serializing.CopyDataToClipboardSerializer,org.eclipse.nebula.widgets.nattable.core/src/org/eclipse/nebula/widgets/nattable/copy/serializing/CopyDataToClipboardSerializer.java
6398884,no_file,data class,class,git@github.com:eclipse/nebula.widgets.nattable.git,/org.eclipse.nebula.widgets.nattable.examples/src/org/eclipse/nebula/widgets/nattable/examples/_300_Data/_304_DynamicColumnExample.java,202,224,org.eclipse.nebula.widgets.nattable.examples._300_Data._304_DynamicColumnExample.SimpleColumnHeaderDataProvider,org.eclipse.nebula.widgets.nattable.examples/src/org/eclipse/nebula/widgets/nattable/examples/_300_Data/_304_DynamicColumnExample.java
6398866,no_file,long method,function,git@github.com:eclipse/nebula.widgets.nattable.git,/org.eclipse.nebula.widgets.nattable.core/src/org/eclipse/nebula/widgets/nattable/fillhandle/FillHandleLayerPainter.java,563,574,org.eclipse.nebula.widgets.nattable.fillhandle.FillHandleLayerPainter#getHandleColor IConfigRegistry,org.eclipse.nebula.widgets.nattable.core/src/org/eclipse/nebula/widgets/nattable/fillhandle/FillHandleLayerPainter.java
6394642,no_file,data class,class,git@github.com:eclipse/nebula.widgets.nattable.git,/org.eclipse.nebula.widgets.nattable.extension.poi/src/org/eclipse/nebula/widgets/nattable/extension/poi/ExcelCellStyleAttributes.java,16,107,org.eclipse.nebula.widgets.nattable.extension.poi.ExcelCellStyleAttributes,org.eclipse.nebula.widgets.nattable.extension.poi/src/org/eclipse/nebula/widgets/nattable/extension/poi/ExcelCellStyleAttributes.java
6397068,no_file,data class,class,git@github.com:eclipse/nebula.widgets.nattable.git,/org.eclipse.nebula.widgets.nattable.examples/src/org/eclipse/nebula/widgets/nattable/examples/examples/_102_Configuration/AutomaticRowHeightExample.java,60,214,org.eclipse.nebula.widgets.nattable.examples.examples._102_Configuration.AutomaticRowHeightExample,org.eclipse.nebula.widgets.nattable.examples/src/org/eclipse/nebula/widgets/nattable/examples/examples/_102_Configuration/AutomaticRowHeightExample.java
6405981,no_file,data class,class,git@github.com:eclipse/nebula.widgets.nattable.git,/org.eclipse.nebula.widgets.nattable.dataset/src/org/eclipse/nebula/widgets/nattable/dataset/generator/DataGenerator.java,23,147,org.eclipse.nebula.widgets.nattable.dataset.generator.DataGenerator,org.eclipse.nebula.widgets.nattable.dataset/src/org/eclipse/nebula/widgets/nattable/dataset/generator/DataGenerator.java
6400040,no_file,long method,function,git@github.com:eclipse/nebula.widgets.nattable.git,/org.eclipse.nebula.widgets.nattable.core/src/org/eclipse/nebula/widgets/nattable/data/ExtendedReflectiveColumnPropertyAccessor.java,128,166,org.eclipse.nebula.widgets.nattable.data.ExtendedReflectiveColumnPropertyAccessor#setPropertyValue Object|String|Object,org.eclipse.nebula.widgets.nattable.core/src/org/eclipse/nebula/widgets/nattable/data/ExtendedReflectiveColumnPropertyAccessor.java
6391015,no_file,blob,class,git@github.com:eclipse/nebula.widgets.nattable.git,/org.eclipse.nebula.widgets.nattable.core/src/org/eclipse/nebula/widgets/nattable/painter/cell/GraphicsUtils.java,34,1275,org.eclipse.nebula.widgets.nattable.painter.cell.GraphicsUtils,org.eclipse.nebula.widgets.nattable.core/src/org/eclipse/nebula/widgets/nattable/painter/cell/GraphicsUtils.java
6547794,no_file,long method,function,git@github.com:eclipse/rap.git,/bundles/org.eclipse.rap.ui.workbench/Eclipse UI/org/eclipse/ui/internal/Workbench.java,1931,1935,org.eclipse.ui.internal.Workbench#newWorkbenchWindow,bundles/org.eclipse.rap.ui.workbench/Eclipse UI/org/eclipse/ui/internal/Workbench.java
6548259,no_file,blob,class,git@github.com:eclipse/rap.git,/bundles/org.eclipse.rap.rwt/src/org/eclipse/rap/rwt/internal/client/ConnectionMessages.java,16,20,org.eclipse.rap.rwt.internal.client.ConnectionMessages,bundles/org.eclipse.rap.rwt/src/org/eclipse/rap/rwt/internal/client/ConnectionMessages.java
6548279,no_file,feature envy,function,git@github.com:eclipse/rap.git,/bundles/org.eclipse.rap.rwt/widgetkits/org/eclipse/swt/internal/widgets/treeitemkit/TreeItemLCA.java,193,195,org.eclipse.swt.internal.widgets.treeitemkit.TreeItemLCA.getCellFonts TreeItem,bundles/org.eclipse.rap.rwt/widgetkits/org/eclipse/swt/internal/widgets/treeitemkit/TreeItemLCA.java
6553535,no_file,feature envy,function,git@github.com:eclipse/rap.git,/bundles/org.eclipse.rap.ui.views/src/org/eclipse/ui/views/properties/ComboBoxPropertyDescriptor.java,56,60,org.eclipse.ui.views.properties.ComboBoxPropertyDescriptor.ComboBoxPropertyDescriptor Object|String|String[],bundles/org.eclipse.rap.ui.views/src/org/eclipse/ui/views/properties/ComboBoxPropertyDescriptor.java
6552410,no_file,long method,function,git@github.com:eclipse/rap.git,/bundles/org.eclipse.rap.rwt/src/org/eclipse/swt/widgets/Menu.java,263,270,org.eclipse.swt.widgets.Menu#setLocation int|int,bundles/org.eclipse.rap.rwt/src/org/eclipse/swt/widgets/Menu.java
6550344,no_file,blob,class,git@github.com:eclipse/rap.git,/bundles/org.eclipse.rap.ui.workbench/Eclipse UI/org/eclipse/ui/internal/preferences/AbstractIntegerListener.java,15,51,org.eclipse.ui.internal.preferences.AbstractIntegerListener,bundles/org.eclipse.rap.ui.workbench/Eclipse UI/org/eclipse/ui/internal/preferences/AbstractIntegerListener.java
6547476,no_file,blob,class,git@github.com:eclipse/rap.git,/bundles/org.eclipse.rap.rwt/src/org/eclipse/rap/rwt/internal/theme/css/NullElementSelector.java,17,54,org.eclipse.rap.rwt.internal.theme.css.NullElementSelector,bundles/org.eclipse.rap.rwt/src/org/eclipse/rap/rwt/internal/theme/css/NullElementSelector.java
6551559,no_file,blob,class,git@github.com:eclipse/rap.git,/bundles/org.eclipse.rap.jface.databinding/src/org/eclipse/jface/databinding/viewers/ObservableMapCellLabelProvider.java,34,94,org.eclipse.jface.databinding.viewers.ObservableMapCellLabelProvider,bundles/org.eclipse.rap.jface.databinding/src/org/eclipse/jface/databinding/viewers/ObservableMapCellLabelProvider.java
6564431,no_file,blob,class,git@github.com:eclipse/rap.git,/bundles/org.eclipse.rap.rwt/src/org/eclipse/rap/rwt/internal/client/WebClientProvider.java,19,31,org.eclipse.rap.rwt.internal.client.WebClientProvider,bundles/org.eclipse.rap.rwt/src/org/eclipse/rap/rwt/internal/client/WebClientProvider.java
6563346,no_file,long method,function,git@github.com:eclipse/rap.git,/bundles/org.eclipse.rap.ui.workbench/Eclipse UI/org/eclipse/ui/internal/decorators/DecoratorRegistryReader.java,95,105,org.eclipse.ui.internal.decorators.DecoratorRegistryReader#readRegistry IExtensionRegistry,bundles/org.eclipse.rap.ui.workbench/Eclipse UI/org/eclipse/ui/internal/decorators/DecoratorRegistryReader.java
6571650,no_file,data class,class,git@github.com:eclipse/rap.git,/bundles/org.eclipse.rap.rwt/css/org/eclipse/rap/rwt/apache/batik/util/io/ASCIIDecoder.java,30,56,org.eclipse.rap.rwt.apache.batik.util.io.ASCIIDecoder,bundles/org.eclipse.rap.rwt/css/org/eclipse/rap/rwt/apache/batik/util/io/ASCIIDecoder.java
6579063,no_file,feature envy,function,git@github.com:eclipse/rap.git,/tests/org.eclipse.rap.ui.tests/Eclipse UI Tests/org/eclipse/ui/tests/decorators/DecoratorEnablementTestCase.java,83,87,org.eclipse.ui.tests.decorators.DecoratorEnablementTestCase#testDisableDecorator,tests/org.eclipse.rap.ui.tests/Eclipse UI Tests/org/eclipse/ui/tests/decorators/DecoratorEnablementTestCase.java
6579891,no_file,feature envy,function,git@github.com:eclipse/rap.git,/bundles/org.eclipse.rap.ui.workbench/Eclipse UI/org/eclipse/ui/internal/PageLayout.java,727,729,org.eclipse.ui.internal.PageLayout#setEditorAreaVisible boolean,bundles/org.eclipse.rap.ui.workbench/Eclipse UI/org/eclipse/ui/internal/PageLayout.java
6563293,no_file,long method,function,git@github.com:eclipse/rap.git,/bundles/org.eclipse.rap.rwt/src/org/eclipse/swt/custom/SashFormLayout.java,105,108,org.eclipse.swt.custom.SashFormLayout#flushCache Control,bundles/org.eclipse.rap.rwt/src/org/eclipse/swt/custom/SashFormLayout.java
6578541,no_file,blob,class,git@github.com:eclipse/rap.git,/bundles/org.eclipse.rap.ui.workbench/Eclipse UI/org/eclipse/ui/internal/AbstractPartSelectionTracker.java,24,167,org.eclipse.ui.internal.AbstractPartSelectionTracker,bundles/org.eclipse.rap.ui.workbench/Eclipse UI/org/eclipse/ui/internal/AbstractPartSelectionTracker.java
6560581,no_file,blob,class,git@github.com:eclipse/rap.git,/bundles/org.eclipse.rap.ui.workbench/Eclipse UI/org/eclipse/ui/IPluginContribution.java,21,35,org.eclipse.ui.IPluginContribution,bundles/org.eclipse.rap.ui.workbench/Eclipse UI/org/eclipse/ui/IPluginContribution.java
6554999,no_file,blob,class,git@github.com:eclipse/rap.git,/bundles/org.eclipse.rap.ui.workbench/Eclipse UI/org/eclipse/ui/internal/progress/AnimationManager.java,40,327,org.eclipse.ui.internal.progress.AnimationManager,bundles/org.eclipse.rap.ui.workbench/Eclipse UI/org/eclipse/ui/internal/progress/AnimationManager.java
6564535,no_file,long method,function,git@github.com:eclipse/rap.git,/bundles/org.eclipse.rap.ui.workbench/Eclipse UI/org/eclipse/ui/internal/dialogs/CustomizePerspectiveDialog.java,2900,3001,org.eclipse.ui.internal.dialogs.CustomizePerspectiveDialog#createMenuEntries Menu|DisplayItem|boolean,bundles/org.eclipse.rap.ui.workbench/Eclipse UI/org/eclipse/ui/internal/dialogs/CustomizePerspectiveDialog.java
6573709,no_file,data class,class,git@github.com:eclipse/rap.git,/bundles/org.eclipse.rap.ui.workbench/Eclipse UI/org/eclipse/ui/IViewReference.java,22,45,org.eclipse.ui.IViewReference,bundles/org.eclipse.rap.ui.workbench/Eclipse UI/org/eclipse/ui/IViewReference.java
6562309,no_file,blob,class,git@github.com:eclipse/rap.git,/bundles/org.eclipse.rap.ui.workbench/Eclipse UI/org/eclipse/ui/internal/WWinPartService.java,28,247,org.eclipse.ui.internal.WWinPartService,bundles/org.eclipse.rap.ui.workbench/Eclipse UI/org/eclipse/ui/internal/WWinPartService.java
6548643,no_file,feature envy,function,git@github.com:eclipse/rap.git,/bundles/org.eclipse.rap.ui.workbench/Eclipse UI/org/eclipse/ui/internal/PageEventAction.java,154,162,org.eclipse.ui.internal.PageEventAction#dispose,bundles/org.eclipse.rap.ui.workbench/Eclipse UI/org/eclipse/ui/internal/PageEventAction.java
6573661,no_file,data class,class,git@github.com:eclipse/rap.git,/bundles/org.eclipse.rap.ui.workbench/Eclipse UI/org/eclipse/ui/internal/ViewerActionBuilder.java,32,198,org.eclipse.ui.internal.ViewerActionBuilder,bundles/org.eclipse.rap.ui.workbench/Eclipse UI/org/eclipse/ui/internal/ViewerActionBuilder.java
6577681,no_file,long method,function,git@github.com:eclipse/rap.git,/bundles/org.eclipse.rap.rwt/src/org/eclipse/swt/custom/ScrolledComposite.java,513,524,org.eclipse.swt.custom.ScrolledComposite#setShowFocusedControl boolean,bundles/org.eclipse.rap.rwt/src/org/eclipse/swt/custom/ScrolledComposite.java
6555966,no_file,data class,class,git@github.com:eclipse/rap.git,/bundles/org.eclipse.rap.rwt/src/org/eclipse/swt/widgets/ToolBar.java,51,411,org.eclipse.swt.widgets.ToolBar,bundles/org.eclipse.rap.rwt/src/org/eclipse/swt/widgets/ToolBar.java
6567017,no_file,feature envy,function,git@github.com:eclipse/rap.git,/bundles/org.eclipse.rap.jface/src/org/eclipse/jface/viewers/SWTFocusCellManager.java,58,69,org.eclipse.jface.viewers.SWTFocusCellManager.SWTFocusCellManager ColumnViewer|FocusCellHighlighter|CellNavigationStrategy,bundles/org.eclipse.rap.jface/src/org/eclipse/jface/viewers/SWTFocusCellManager.java
6571855,no_file,blob,class,git@github.com:eclipse/rap.git,/bundles/org.eclipse.rap.ui.workbench/Eclipse UI/org/eclipse/ui/internal/preferences/WorkbenchPreferenceExtensionNode.java,33,255,org.eclipse.ui.internal.preferences.WorkbenchPreferenceExtensionNode,bundles/org.eclipse.rap.ui.workbench/Eclipse UI/org/eclipse/ui/internal/preferences/WorkbenchPreferenceExtensionNode.java
6583398,no_file,long method,function,git@github.com:eclipse/rap.git,/bundles/org.eclipse.rap.ui.workbench/Eclipse UI/org/eclipse/ui/internal/expressions/LegacyViewContributionExpression.java,80,88,org.eclipse.ui.internal.expressions.LegacyViewContributionExpression#equals Object,bundles/org.eclipse.rap.ui.workbench/Eclipse UI/org/eclipse/ui/internal/expressions/LegacyViewContributionExpression.java
6562963,no_file,long method,function,git@github.com:eclipse/rap.git,/bundles/org.eclipse.rap.ui.forms/src/org/eclipse/ui/internal/forms/widgets/FormHeading.java,677,682,org.eclipse.ui.internal.forms.widgets.FormHeading#setForeground Color,bundles/org.eclipse.rap.ui.forms/src/org/eclipse/ui/internal/forms/widgets/FormHeading.java
6581292,no_file,long method,function,git@github.com:eclipse/rap.git,/bundles/org.eclipse.rap.ui.workbench/Eclipse UI/org/eclipse/ui/internal/activities/Activity.java,189,205,org.eclipse.ui.internal.activities.Activity#hashCode,bundles/org.eclipse.rap.ui.workbench/Eclipse UI/org/eclipse/ui/internal/activities/Activity.java
6547907,no_file,blob,class,git@github.com:eclipse/rap.git,/bundles/org.eclipse.rap.ui.workbench/Eclipse UI/org/eclipse/ui/handlers/ShowPerspectiveHandler.java,41,156,org.eclipse.ui.handlers.ShowPerspectiveHandler,bundles/org.eclipse.rap.ui.workbench/Eclipse UI/org/eclipse/ui/handlers/ShowPerspectiveHandler.java
6568804,no_file,data class,class,git@github.com:eclipse/rap.git,/bundles/org.eclipse.e4.ui.workbench.renderers.swt/src/org/eclipse/e4/ui/workbench/renderers/swt/ElementReferenceRenderer.java,34,185,org.eclipse.e4.ui.workbench.renderers.swt.ElementReferenceRenderer,bundles/org.eclipse.e4.ui.workbench.renderers.swt/src/org/eclipse/e4/ui/workbench/renderers/swt/ElementReferenceRenderer.java
6589712,no_file,blob,class,git@github.com:eclipse/rap.git,/bundles/org.eclipse.rap.ui.workbench/Eclipse UI/org/eclipse/ui/internal/dialogs/WorkbenchPreferencePage.java,41,395,org.eclipse.ui.internal.dialogs.WorkbenchPreferencePage,bundles/org.eclipse.rap.ui.workbench/Eclipse UI/org/eclipse/ui/internal/dialogs/WorkbenchPreferencePage.java
6569900,no_file,data class,class,git@github.com:eclipse/rap.git,/examples/org.eclipse.rap.demo/src/org/eclipse/rap/demo/DemoChartViewPart.java,22,110,org.eclipse.rap.demo.DemoChartViewPart,examples/org.eclipse.rap.demo/src/org/eclipse/rap/demo/DemoChartViewPart.java
6572017,no_file,data class,class,git@github.com:eclipse/rap.git,/bundles/org.eclipse.rap.rwt/src/org/eclipse/swt/widgets/Label.java,70,358,org.eclipse.swt.widgets.Label,bundles/org.eclipse.rap.rwt/src/org/eclipse/swt/widgets/Label.java
6589858,no_file,long method,function,git@github.com:eclipse/rap.git,/bundles/org.eclipse.rap.ui.workbench/Eclipse UI/org/eclipse/ui/internal/presentations/AbstractTableInformationControl.java,582,599,org.eclipse.ui.internal.presentations.AbstractTableInformationControl#inputChanged Object|Object,bundles/org.eclipse.rap.ui.workbench/Eclipse UI/org/eclipse/ui/internal/presentations/AbstractTableInformationControl.java
6562164,no_file,long method,function,git@github.com:eclipse/rap.git,/bundles/org.eclipse.rap.ui.workbench/Eclipse UI/org/eclipse/ui/internal/registry/EditorDescriptor.java,633,650,org.eclipse.ui.internal.registry.EditorDescriptor#getEditorMatchingStrategy,bundles/org.eclipse.rap.ui.workbench/Eclipse UI/org/eclipse/ui/internal/registry/EditorDescriptor.java
6571793,no_file,blob,class,git@github.com:eclipse/rap.git,/bundles/org.eclipse.rap.jface.databinding/src/org/eclipse/jface/internal/databinding/swt/ControlTooltipTextProperty.java,20,32,org.eclipse.jface.internal.databinding.swt.ControlTooltipTextProperty,bundles/org.eclipse.rap.jface.databinding/src/org/eclipse/jface/internal/databinding/swt/ControlTooltipTextProperty.java
7961905,no_file,data class,class,git@github.com:eclipse/titan.EclipsePlug-ins.git,/org.eclipse.titan.designer/src/org/eclipse/titan/designer/editors/ttcn3editor/DocumentSetupParticipant.java,24,65,org.eclipse.titan.designer.editors.ttcn3editor.DocumentSetupParticipant,org.eclipse.titan.designer/src/org/eclipse/titan/designer/editors/ttcn3editor/DocumentSetupParticipant.java
8009118,no_file,long method,function,git@github.com:eclipse/titan.EclipsePlug-ins.git,/org.eclipse.titan.runtime/src/org/eclipse/titan/runtime/core/TitanLoggerApi.java,14016,14017,org.eclipse.titan.runtime.core.TitanLoggerApi.TimerAnyTimeoutType_template.TimerAnyTimeoutType_template,org.eclipse.titan.runtime/src/org/eclipse/titan/runtime/core/TitanLoggerApi.java
8009299,no_file,long method,function,git@github.com:eclipse/titan.EclipsePlug-ins.git,/org.eclipse.titanium/src/org/eclipse/titanium/graph/gui/layouts/TitaniumDAGLayout.java,32,34,"org.eclipse.titanium.graph.gui.layouts.TitaniumDAGLayout.TitaniumDAGLayout Graph<V, E>|Dimension",org.eclipse.titanium/src/org/eclipse/titanium/graph/gui/layouts/TitaniumDAGLayout.java
8017975,no_file,long method,function,git@github.com:eclipse/titan.EclipsePlug-ins.git,/org.eclipse.titan.designer/src/org/eclipse/titan/designer/AST/TTCN3/types/subtypes/StringSetConstraint.java,58,72,org.eclipse.titan.designer.AST.TTCN3.types.subtypes.StringSetConstraint#intersection SubtypeConstraint,org.eclipse.titan.designer/src/org/eclipse/titan/designer/AST/TTCN3/types/subtypes/StringSetConstraint.java
8023829,no_file,data class,class,git@github.com:eclipse/titan.EclipsePlug-ins.git,/org.eclipse.titanium.refactoring/src/org/eclipse/titanium/refactoring/fieldordering/ChangeCreator.java,53,461,org.eclipse.titanium.refactoring.fieldordering.ChangeCreator,org.eclipse.titanium.refactoring/src/org/eclipse/titanium/refactoring/fieldordering/ChangeCreator.java
8050493,no_file,feature envy,function,git@github.com:eclipse/titan.EclipsePlug-ins.git,/org.eclipse.titan.regressiontests/src/org/eclipse/titan/regressiontests/designer/statictests/Basic_tests/AST_Syntax_warning_tests.java,26,29,org.eclipse.titan.regressiontests.designer.statictests.Basic_tests.AST_Syntax_warning_tests#namingConvention_ttcn,org.eclipse.titan.regressiontests/src/org/eclipse/titan/regressiontests/designer/statictests/Basic_tests/AST_Syntax_warning_tests.java
8049607,no_file,long method,function,git@github.com:eclipse/titan.EclipsePlug-ins.git,/org.eclipse.titan.designer/src/org/eclipse/titan/designer/AST/TTCN3/templates/Referenced_Template.java,79,100,org.eclipse.titan.designer.AST.TTCN3.templates.Referenced_Template.Referenced_Template CompilationTimeStamp|SpecificValue_Template,org.eclipse.titan.designer/src/org/eclipse/titan/designer/AST/TTCN3/templates/Referenced_Template.java
8070913,no_file,long method,function,git@github.com:eclipse/titan.EclipsePlug-ins.git,/org.eclipse.titan.designer/src/org/eclipse/titan/designer/AST/ParameterisedSubReference.java,141,147,org.eclipse.titan.designer.AST.ParameterisedSubReference#findReferences ReferenceFinder|List<Hit>,org.eclipse.titan.designer/src/org/eclipse/titan/designer/AST/ParameterisedSubReference.java
7951909,no_file,long method,function,git@github.com:eclipse/titan.EclipsePlug-ins.git,/org.eclipse.titan.log.viewer/src/org/eclipse/titan/log/viewer/readers/SequentialLogFileReader.java,72,74,org.eclipse.titan.log.viewer.readers.SequentialLogFileReader#hasNext,org.eclipse.titan.log.viewer/src/org/eclipse/titan/log/viewer/readers/SequentialLogFileReader.java
8031777,no_file,long method,function,git@github.com:eclipse/titan.EclipsePlug-ins.git,/org.eclipse.titan.designer/src/org/eclipse/titan/designer/AST/TTCN3/templates/ValueRange.java,73,75,org.eclipse.titan.designer.AST.TTCN3.templates.ValueRange#isMinExclusive,org.eclipse.titan.designer/src/org/eclipse/titan/designer/AST/TTCN3/templates/ValueRange.java
8091719,no_file,blob,class,git@github.com:eclipse/titan.EclipsePlug-ins.git,/org.eclipse.titan.designer/src/org/eclipse/titan/designer/AST/ASN1/types/ExtensionAdditions.java,28,134,org.eclipse.titan.designer.AST.ASN1.types.ExtensionAdditions,org.eclipse.titan.designer/src/org/eclipse/titan/designer/AST/ASN1/types/ExtensionAdditions.java
7961199,no_file,blob,class,git@github.com:eclipse/titan.EclipsePlug-ins.git,/org.eclipse.titan.runtime/src/org/eclipse/titan/runtime/core/Param_Types.java,585,609,org.eclipse.titan.runtime.core.Param_Types.Module_Param_Boolean,org.eclipse.titan.runtime/src/org/eclipse/titan/runtime/core/Param_Types.java
7961760,no_file,blob,class,git@github.com:eclipse/titan.EclipsePlug-ins.git,/org.eclipse.titan.designer/src/org/eclipse/titan/designer/preferences/pages/RegexpEntryDialog.java,30,138,org.eclipse.titan.designer.preferences.pages.RegexpEntryDialog,org.eclipse.titan.designer/src/org/eclipse/titan/designer/preferences/pages/RegexpEntryDialog.java
7954017,no_file,long method,function,git@github.com:eclipse/titan.EclipsePlug-ins.git,/org.eclipse.titanium/src/org/eclipse/titanium/graph/clustering/PathCluster.java,119,123,org.eclipse.titanium.graph.clustering.PathCluster#addNodeToCluster String|Set<NodeDescriptor>,org.eclipse.titanium/src/org/eclipse/titanium/graph/clustering/PathCluster.java
8043430,no_file,data class,class,git@github.com:eclipse/titan.EclipsePlug-ins.git,/org.eclipse.titan.designer/src/org/eclipse/titan/designer/finddefinition/DefinitionFinder.java,22,65,org.eclipse.titan.designer.finddefinition.DefinitionFinder,org.eclipse.titan.designer/src/org/eclipse/titan/designer/finddefinition/DefinitionFinder.java
7949921,no_file,long method,function,git@github.com:eclipse/titan.EclipsePlug-ins.git,/org.eclipse.titan.executor/src/org/eclipse/titan/executor/executors/mctr/cli/CliExecutor.java,670,727,org.eclipse.titan.executor.executors.mctr.cli.CliExecutor#processInfoOutput BufferedReader,org.eclipse.titan.executor/src/org/eclipse/titan/executor/executors/mctr/cli/CliExecutor.java
7959714,no_file,feature envy,function,git@github.com:eclipse/titan.EclipsePlug-ins.git,/org.eclipse.titan.runtime/src/org/eclipse/titan/runtime/core/TitanOctetString_Element.java,126,131,org.eclipse.titan.runtime.core.TitanOctetString_Element#operator_equals TitanOctetString_Element,org.eclipse.titan.runtime/src/org/eclipse/titan/runtime/core/TitanOctetString_Element.java
8069899,no_file,blob,class,git@github.com:eclipse/titan.EclipsePlug-ins.git,/org.eclipse.titan.designer/src/org/eclipse/titan/designer/editors/configeditor/pages/include/DefineDataContentProvider.java,17,39,org.eclipse.titan.designer.editors.configeditor.pages.include.DefineDataContentProvider,org.eclipse.titan.designer/src/org/eclipse/titan/designer/editors/configeditor/pages/include/DefineDataContentProvider.java
7958322,no_file,feature envy,function,git@github.com:eclipse/titan.EclipsePlug-ins.git,/org.eclipse.titanium.refactoring/src/org/eclipse/titanium/refactoring/function/ExtractToFunctionWizardParamsPage.java,75,111,org.eclipse.titanium.refactoring.function.ExtractToFunctionWizardParamsPage#createColumns Composite,org.eclipse.titanium.refactoring/src/org/eclipse/titanium/refactoring/function/ExtractToFunctionWizardParamsPage.java
7959812,no_file,data class,class,git@github.com:eclipse/titan.EclipsePlug-ins.git,/org.eclipse.titan.log.viewer/src/org/eclipse/titan/log/viewer/extractors/TestCaseEventDispatcher.java,19,42,org.eclipse.titan.log.viewer.extractors.TestCaseEventDispatcher,org.eclipse.titan.log.viewer/src/org/eclipse/titan/log/viewer/extractors/TestCaseEventDispatcher.java
7950542,no_file,feature envy,function,git@github.com:eclipse/titan.EclipsePlug-ins.git,/org.eclipse.titan.designer/src/org/eclipse/titan/designer/AST/TTCN3/statements/While_Statement.java,164,177,org.eclipse.titan.designer.AST.TTCN3.statements.While_Statement#hasReturn CompilationTimeStamp,org.eclipse.titan.designer/src/org/eclipse/titan/designer/AST/TTCN3/statements/While_Statement.java
8018535,no_file,data class,class,git@github.com:eclipse/titan.EclipsePlug-ins.git,/org.eclipse.titan.designer/src/org/eclipse/titan/designer/AST/IType.java,36,1242,org.eclipse.titan.designer.AST.IType,org.eclipse.titan.designer/src/org/eclipse/titan/designer/AST/IType.java
8095851,no_file,long method,function,git@github.com:eclipse/titan.EclipsePlug-ins.git,/org.eclipse.titan.designer/src/org/eclipse/titan/designer/AST/TTCN3/types/Boolean_Type.java,227,255,org.eclipse.titan.designer.AST.TTCN3.types.Boolean_Type#getFieldType CompilationTimeStamp|Reference|int|Expected_Value_type|IReferenceChain|boolean,org.eclipse.titan.designer/src/org/eclipse/titan/designer/AST/TTCN3/types/Boolean_Type.java
8087833,no_file,feature envy,function,git@github.com:eclipse/titan.EclipsePlug-ins.git,/org.eclipse.titan.designer/src/org/eclipse/titan/designer/AST/MarkerHandler.java,1155,1198,org.eclipse.titan.designer.AST.MarkerHandler.handleMarkerAddition IMarker|String,org.eclipse.titan.designer/src/org/eclipse/titan/designer/AST/MarkerHandler.java
7954103,no_file,long method,function,git@github.com:eclipse/titan.EclipsePlug-ins.git,/org.eclipse.titan.designer/src/org/eclipse/titan/designer/AST/TTCN3/templates/ParsedActualParameters.java,60,70,org.eclipse.titan.designer.AST.TTCN3.templates.ParsedActualParameters#setMyScope Scope,org.eclipse.titan.designer/src/org/eclipse/titan/designer/AST/TTCN3/templates/ParsedActualParameters.java
7959083,no_file,blob,class,git@github.com:eclipse/titan.EclipsePlug-ins.git,/org.eclipse.titan.designer/src/org/eclipse/titan/designer/AST/Location.java,34,471,org.eclipse.titan.designer.AST.Location,org.eclipse.titan.designer/src/org/eclipse/titan/designer/AST/Location.java
7952037,no_file,data class,class,git@github.com:eclipse/titan.EclipsePlug-ins.git,/org.eclipse.titan.runtime/src/org/eclipse/titan/runtime/core/TitanLoggerApi.java,94342,95377,org.eclipse.titan.runtime.core.TitanLoggerApi.Port__Queue_template,org.eclipse.titan.runtime/src/org/eclipse/titan/runtime/core/TitanLoggerApi.java
8067122,no_file,long method,function,git@github.com:eclipse/titan.EclipsePlug-ins.git,/org.eclipse.titan.runtime/src/org/eclipse/titan/runtime/core/PreGenRecordOf.java,56192,56204,org.eclipse.titan.runtime.core.PreGenRecordOf.PREGEN__SET__OF__BOOLEAN__OPTIMIZED#constGet_at int,org.eclipse.titan.runtime/src/org/eclipse/titan/runtime/core/PreGenRecordOf.java
7954026,no_file,blob,class,git@github.com:eclipse/titan.EclipsePlug-ins.git,/org.eclipse.titan.runtime/src/org/eclipse/titan/runtime/core/PreGenRecordOf.java,9142,10257,org.eclipse.titan.runtime.core.PreGenRecordOf.PREGEN__RECORD__OF__UNIVERSAL__CHARSTRING_template,org.eclipse.titan.runtime/src/org/eclipse/titan/runtime/core/PreGenRecordOf.java
7960668,no_file,long method,function,git@github.com:eclipse/titan.EclipsePlug-ins.git,/org.eclipse.titan.runtime/src/org/eclipse/titan/runtime/core/TitanValue_Array.java,34,51,org.eclipse.titan.runtime.core.TitanValue_Array.TitanValue_Array TitanValue_Array<T>,org.eclipse.titan.runtime/src/org/eclipse/titan/runtime/core/TitanValue_Array.java
8024427,no_file,long method,function,git@github.com:eclipse/titan.EclipsePlug-ins.git,/org.eclipse.titan.runtime/src/org/eclipse/titan/runtime/core/PreGenRecordOf.java,48151,48156,org.eclipse.titan.runtime.core.PreGenRecordOf.PREGEN__RECORD__OF__OCTETSTRING#replace int|int|PREGEN__RECORD__OF__OCTETSTRING_template,org.eclipse.titan.runtime/src/org/eclipse/titan/runtime/core/PreGenRecordOf.java
7987645,no_file,blob,class,git@github.com:eclipse/titan.EclipsePlug-ins.git,/org.eclipse.titan.log.viewer/src/org/eclipse/titan/log/viewer/parsers/token/EOR.java,15,30,org.eclipse.titan.log.viewer.parsers.token.EOR,org.eclipse.titan.log.viewer/src/org/eclipse/titan/log/viewer/parsers/token/EOR.java
6680763,no_file,data class,class,git@github.com:eclipse/webtools.sourceediting.git,/web/tests/org.eclipse.wst.html.core.tests/src/org/eclipse/wst/html/core/tests/format/TestFormatProcessorHTML.java,36,215,org.eclipse.wst.html.core.tests.format.TestFormatProcessorHTML,web/tests/org.eclipse.wst.html.core.tests/src/org/eclipse/wst/html/core/tests/format/TestFormatProcessorHTML.java
6725112,no_file,blob,class,git@github.com:eclipse/webtools.sourceediting.git,/xml/bundles/org.eclipse.wst.xml.ui/src-multipage/org/eclipse/wst/xml/ui/internal/tabletree/XMLTableTreeViewer.java,446,494,org.eclipse.wst.xml.ui.internal.tabletree.XMLTableTreeViewer.XMLCMCellModifier,xml/bundles/org.eclipse.wst.xml.ui/src-multipage/org/eclipse/wst/xml/ui/internal/tabletree/XMLTableTreeViewer.java
6651983,no_file,data class,class,git@github.com:eclipse/webtools.sourceediting.git,/web/bundles/org.eclipse.wst.html.core/src/org/eclipse/wst/html/core/internal/contentmodel/HedA.java,26,85,org.eclipse.wst.html.core.internal.contentmodel.HedA,web/bundles/org.eclipse.wst.html.core/src/org/eclipse/wst/html/core/internal/contentmodel/HedA.java
6732424,no_file,feature envy,function,git@github.com:eclipse/webtools.sourceediting.git,/web/bundles/org.eclipse.jst.jsp.core/src/org/eclipse/jst/jsp/core/internal/java/jspel/SimpleNode.java,64,66,org.eclipse.jst.jsp.core.internal.java.jspel.SimpleNode#jjtAccept JSPELParserVisitor|Object,web/bundles/org.eclipse.jst.jsp.core/src/org/eclipse/jst/jsp/core/internal/java/jspel/SimpleNode.java
6654966,no_file,data class,class,git@github.com:eclipse/webtools.sourceediting.git,/xml/bundles/org.eclipse.wst.xml.core/src-contentmodel/org/eclipse/wst/xml/core/internal/contentmodel/modelquery/IExternalSchemaLocationProvider.java,18,36,org.eclipse.wst.xml.core.internal.contentmodel.modelquery.IExternalSchemaLocationProvider,xml/bundles/org.eclipse.wst.xml.core/src-contentmodel/org/eclipse/wst/xml/core/internal/contentmodel/modelquery/IExternalSchemaLocationProvider.java
6732692,no_file,blob,class,git@github.com:eclipse/webtools.sourceediting.git,/xml/bundles/org.eclipse.wst.xsd.ui/src-adt-xsd/org/eclipse/wst/xsd/ui/internal/design/editparts/XSDSchemaEditPart.java,44,336,org.eclipse.wst.xsd.ui.internal.design.editparts.XSDSchemaEditPart,xml/bundles/org.eclipse.wst.xsd.ui/src-adt-xsd/org/eclipse/wst/xsd/ui/internal/design/editparts/XSDSchemaEditPart.java
6705537,no_file,long method,function,git@github.com:eclipse/webtools.sourceediting.git,/json/bundles/org.eclipse.wst.json.core/src/org/eclipse/wst/json/core/internal/document/JSONNodeImpl.java,265,277,org.eclipse.wst.json.core.internal.document.JSONNodeImpl#getIndex,json/bundles/org.eclipse.wst.json.core/src/org/eclipse/wst/json/core/internal/document/JSONNodeImpl.java
6721460,no_file,long method,function,git@github.com:eclipse/webtools.sourceediting.git,/xml/bundles/org.eclipse.wst.xml.core/src/org/eclipse/wst/xml/core/internal/commentelement/impl/BasicCommentElementHandler.java,95,128,org.eclipse.wst.xml.core.internal.commentelement.impl.BasicCommentElementHandler#generateStartTagContent IDOMElement,xml/bundles/org.eclipse.wst.xml.core/src/org/eclipse/wst/xml/core/internal/commentelement/impl/BasicCommentElementHandler.java
6738255,no_file,data class,class,git@github.com:eclipse/webtools.sourceediting.git,/xml/tests/org.eclipse.wst.dtd.ui.tests/src/org/eclipse/wst/dtd/ui/tests/viewer/ViewerTestDTD.java,51,495,org.eclipse.wst.dtd.ui.tests.viewer.ViewerTestDTD,xml/tests/org.eclipse.wst.dtd.ui.tests/src/org/eclipse/wst/dtd/ui/tests/viewer/ViewerTestDTD.java
6656706,no_file,blob,class,git@github.com:eclipse/webtools.sourceediting.git,/web/bundles/org.eclipse.wst.css.core/src/org/eclipse/wst/css/core/internal/document/CSSModelParser.java,51,1319,org.eclipse.wst.css.core.internal.document.CSSModelParser,web/bundles/org.eclipse.wst.css.core/src/org/eclipse/wst/css/core/internal/document/CSSModelParser.java
6652229,no_file,long method,function,git@github.com:eclipse/webtools.sourceediting.git,/xpath/bundles/org.eclipse.wst.xml.xpath2.processor/src/org/eclipse/wst/xml/xpath2/processor/internal/function/FnStringToCodepoints.java,57,59,org.eclipse.wst.xml.xpath2.processor.internal.function.FnStringToCodepoints#evaluate Collection|org.eclipse.wst.xml.xpath2.api.EvaluationContext,xpath/bundles/org.eclipse.wst.xml.xpath2.processor/src/org/eclipse/wst/xml/xpath2/processor/internal/function/FnStringToCodepoints.java
6696450,no_file,blob,class,git@github.com:eclipse/webtools.sourceediting.git,/web/tests/org.eclipse.wst.html.ui.tests/src/org/eclipse/wst/html/ui/tests/HTMLUITestsPlugin.java,23,70,org.eclipse.wst.html.ui.tests.HTMLUITestsPlugin,web/tests/org.eclipse.wst.html.ui.tests/src/org/eclipse/wst/html/ui/tests/HTMLUITestsPlugin.java
6695546,no_file,blob,class,git@github.com:eclipse/webtools.sourceediting.git,/xpath/bundles/org.eclipse.wst.xml.xpath2.processor/src/org/eclipse/wst/xml/xpath2/processor/internal/function/FnLowerCase.java,48,108,org.eclipse.wst.xml.xpath2.processor.internal.function.FnLowerCase,xpath/bundles/org.eclipse.wst.xml.xpath2.processor/src/org/eclipse/wst/xml/xpath2/processor/internal/function/FnLowerCase.java
6730087,no_file,feature envy,function,git@github.com:eclipse/webtools.sourceediting.git,/core/bundles/org.eclipse.wst.sse.core/DevTimeSupport/HeadParsers/XML10Names/XML10Names.java,502,594,org.eclipse.wst.xml.core.internal.parser.XML10Names#isValidXML10Name,core/bundles/org.eclipse.wst.sse.core/DevTimeSupport/HeadParsers/XML10Names/XML10Names.java
6654627,no_file,long method,function,git@github.com:eclipse/webtools.sourceediting.git,/xml/bundles/org.eclipse.wst.xsd.ui/src-adt-xsd/org/eclipse/wst/xsd/ui/internal/nsedit/SchemaPrefixChangeHandler.java,50,54,org.eclipse.wst.xsd.ui.internal.nsedit.SchemaPrefixChangeHandler#resolve,xml/bundles/org.eclipse.wst.xsd.ui/src-adt-xsd/org/eclipse/wst/xsd/ui/internal/nsedit/SchemaPrefixChangeHandler.java
6685037,no_file,blob,class,git@github.com:eclipse/webtools.sourceediting.git,/core/bundles/org.eclipse.wst.sse.ui/src/org/eclipse/wst/sse/ui/internal/SSEUIMessages.java,22,476,org.eclipse.wst.sse.ui.internal.SSEUIMessages,core/bundles/org.eclipse.wst.sse.ui/src/org/eclipse/wst/sse/ui/internal/SSEUIMessages.java
6681713,no_file,feature envy,function,git@github.com:eclipse/webtools.sourceediting.git,/xml/bundles/org.eclipse.wst.xsd.ui/src-common/org/eclipse/wst/xsd/ui/internal/common/commands/UpdateStringLengthFacetCommand.java,39,43,org.eclipse.wst.xsd.ui.internal.common.commands.UpdateStringLengthFacetCommand#setMax String,xml/bundles/org.eclipse.wst.xsd.ui/src-common/org/eclipse/wst/xsd/ui/internal/common/commands/UpdateStringLengthFacetCommand.java
6703396,no_file,long method,function,git@github.com:eclipse/webtools.sourceediting.git,/xsl/bundles/org.eclipse.wst.xsl.core/src/org/eclipse/wst/xsl/core/model/Template.java,178,182,org.eclipse.wst.xsl.core.model.Template#getModelType,xsl/bundles/org.eclipse.wst.xsl.core/src/org/eclipse/wst/xsl/core/model/Template.java
6696822,no_file,blob,class,git@github.com:eclipse/webtools.sourceediting.git,/xml/bundles/org.eclipse.wst.dtd.ui/src/org/eclipse/wst/dtd/ui/internal/preferences/DTDTemplatePreferencePage.java,45,169,org.eclipse.wst.dtd.ui.internal.preferences.DTDTemplatePreferencePage,xml/bundles/org.eclipse.wst.dtd.ui/src/org/eclipse/wst/dtd/ui/internal/preferences/DTDTemplatePreferencePage.java
6729098,no_file,long method,function,git@github.com:eclipse/webtools.sourceediting.git,/xml/bundles/org.eclipse.wst.xsd.ui/src-adt-xsd/org/eclipse/wst/xsd/ui/internal/adapters/XSDWildcardAdapter.java,46,66,org.eclipse.wst.xsd.ui.internal.adapters.XSDWildcardAdapter#getImage,xml/bundles/org.eclipse.wst.xsd.ui/src-adt-xsd/org/eclipse/wst/xsd/ui/internal/adapters/XSDWildcardAdapter.java
6678026,no_file,blob,class,git@github.com:eclipse/webtools.sourceediting.git,/xsl/bundles/org.eclipse.wst.xsl.jaxp.debug/src/org/eclipse/wst/xsl/jaxp/debug/debugger/StyleFrame.java,24,131,org.eclipse.wst.xsl.jaxp.debug.debugger.StyleFrame,xsl/bundles/org.eclipse.wst.xsl.jaxp.debug/src/org/eclipse/wst/xsl/jaxp/debug/debugger/StyleFrame.java
6732448,no_file,blob,class,git@github.com:eclipse/webtools.sourceediting.git,/web/bundles/org.eclipse.wst.html.ui/src/org/eclipse/wst/html/ui/internal/preferences/ui/HTMLSourcePreferencePage.java,70,520,org.eclipse.wst.html.ui.internal.preferences.ui.HTMLSourcePreferencePage,web/bundles/org.eclipse.wst.html.ui/src/org/eclipse/wst/html/ui/internal/preferences/ui/HTMLSourcePreferencePage.java
6660510,no_file,long method,function,git@github.com:eclipse/webtools.sourceediting.git,/web/bundles/org.eclipse.wst.html.core/src/org/eclipse/wst/html/core/internal/HTMLContentBuilder.java,34,42,org.eclipse.wst.html.core.internal.HTMLContentBuilder.HTMLContentBuilder Document,web/bundles/org.eclipse.wst.html.core/src/org/eclipse/wst/html/core/internal/HTMLContentBuilder.java
6674458,no_file,feature envy,function,git@github.com:eclipse/webtools.sourceediting.git,/json/bundles/org.eclipse.wst.json.core/src/org/eclipse/wst/json/core/internal/format/JSONArrayFormatter.java,180,194,org.eclipse.wst.json.core.internal.format.JSONArrayFormatter#formatPost IJSONNode|IRegion|StringBuilder,json/bundles/org.eclipse.wst.json.core/src/org/eclipse/wst/json/core/internal/format/JSONArrayFormatter.java
6735393,no_file,long method,function,git@github.com:eclipse/webtools.sourceediting.git,/web/tests/org.eclipse.wst.jsdt.web.core.tests/src/org/eclipse/wst/jsdt/web/core/tests/translation/TestHtmlTranslation.java,312,331,org.eclipse.wst.jsdt.web.core.tests.translation.TestHtmlTranslation#testMangleMultipleServerSide2InJSCheckProblems,web/tests/org.eclipse.wst.jsdt.web.core.tests/src/org/eclipse/wst/jsdt/web/core/tests/translation/TestHtmlTranslation.java
6645623,no_file,blob,class,git@github.com:eclipse/webtools.sourceediting.git,/core/bundles/org.eclipse.wst.sse.ui/src/org/eclipse/wst/sse/ui/internal/contentassist/CompoundContentAssistProcessor.java,51,572,org.eclipse.wst.sse.ui.internal.contentassist.CompoundContentAssistProcessor,core/bundles/org.eclipse.wst.sse.ui/src/org/eclipse/wst/sse/ui/internal/contentassist/CompoundContentAssistProcessor.java
6670656,no_file,long method,function,git@github.com:eclipse/webtools.sourceediting.git,/xml/bundles/org.eclipse.wst.xsd.ui/src-adt/org/eclipse/wst/xsd/ui/internal/adt/design/editparts/BaseEditPart.java,285,297,org.eclipse.wst.xsd.ui.internal.adt.design.editparts.BaseEditPart#getAccessibleEditPart,xml/bundles/org.eclipse.wst.xsd.ui/src-adt/org/eclipse/wst/xsd/ui/internal/adt/design/editparts/BaseEditPart.java
6741910,no_file,blob,class,git@github.com:eclipse/webtools.sourceediting.git,/web/bundles/org.eclipse.wst.css.core/src/org/eclipse/wst/css/core/internal/util/AbstractCssTraverser.java,29,183,org.eclipse.wst.css.core.internal.util.AbstractCssTraverser,web/bundles/org.eclipse.wst.css.core/src/org/eclipse/wst/css/core/internal/util/AbstractCssTraverser.java
6643667,no_file,blob,class,git@github.com:eclipse/webtools.sourceediting.git,/web/bundles/org.eclipse.wst.jsdt.web.ui/src/org/eclipse/wst/jsdt/web/ui/actions/SimpleJSDTActionProxy.java,43,201,org.eclipse.wst.jsdt.web.ui.actions.SimpleJSDTActionProxy,web/bundles/org.eclipse.wst.jsdt.web.ui/src/org/eclipse/wst/jsdt/web/ui/actions/SimpleJSDTActionProxy.java
6665183,no_file,feature envy,function,git@github.com:eclipse/webtools.sourceediting.git,/xml/bundles/org.eclipse.wst.dtd.core/emfmodel/org/eclipse/wst/dtd/core/internal/emf/impl/DTDExternalEntityImpl.java,81,98,org.eclipse.wst.dtd.core.internal.emf.impl.DTDExternalEntityImpl#unparse,xml/bundles/org.eclipse.wst.dtd.core/emfmodel/org/eclipse/wst/dtd/core/internal/emf/impl/DTDExternalEntityImpl.java
6689007,no_file,blob,class,git@github.com:eclipse/webtools.sourceediting.git,/xsl/bundles/org.eclipse.wst.xsl.core/src/org/eclipse/wst/xsl/core/internal/validation/XSLValidationMessage.java,26,102,org.eclipse.wst.xsl.core.internal.validation.XSLValidationMessage,xsl/bundles/org.eclipse.wst.xsl.core/src/org/eclipse/wst/xsl/core/internal/validation/XSLValidationMessage.java
6668271,no_file,feature envy,function,git@github.com:eclipse/webtools.sourceediting.git,/xml/tests/org.eclipse.wst.dtd.ui.tests/src/org/eclipse/wst/dtd/ui/tests/viewer/TestViewerConfigurationDTD.java,80,89,org.eclipse.wst.dtd.ui.tests.viewer.TestViewerConfigurationDTD#testGetAutoEditStrategies,xml/tests/org.eclipse.wst.dtd.ui.tests/src/org/eclipse/wst/dtd/ui/tests/viewer/TestViewerConfigurationDTD.java
6648229,no_file,long method,function,git@github.com:eclipse/webtools.sourceediting.git,/xml/bundles/org.eclipse.wst.xsd.ui/src-adt-xsd/org/eclipse/wst/xsd/ui/internal/design/editparts/XSDSimpleTypeEditPart.java,113,117,org.eclipse.wst.xsd.ui.internal.design.editparts.XSDSimpleTypeEditPart#removeFeedback,xml/bundles/org.eclipse.wst.xsd.ui/src-adt-xsd/org/eclipse/wst/xsd/ui/internal/design/editparts/XSDSimpleTypeEditPart.java
6666702,no_file,long method,function,git@github.com:eclipse/webtools.sourceediting.git,/web/bundles/org.eclipse.jst.jsp.core/src/org/eclipse/jst/jsp/core/internal/Logger.java,48,73,org.eclipse.jst.jsp.core.internal.Logger._log int|String|Throwable,web/bundles/org.eclipse.jst.jsp.core/src/org/eclipse/jst/jsp/core/internal/Logger.java
8142013,no_entity,long method,function,git@github.com:eclipse/xtext-core.git,/org.eclipse.xtext.tests/src-gen/org/eclipse/xtext/testlanguages/fowlerdsl/util/FowlerdslAdapterFactory.java,103,107,org.eclipse.xtext.testlanguages.fowlerdsl.util.FowlerdslAdapterFactory#defaultCase EObject,line 103
6594157,no_file,data class,class,git@github.com:epam/DLab.git,/services/dlab-model/src/main/java/com/epam/dlab/util/CloudSettingsDeserializer.java,36,85,com.epam.dlab.util.CloudSettingsDeserializer,services/dlab-model/src/main/java/com/epam/dlab/util/CloudSettingsDeserializer.java
6593393,no_file,blob,class,git@github.com:epam/DLab.git,/services/dlab-auth-common/src/main/java/com/epam/dlab/auth/SecurityUnauthorizedHandler.java,25,31,com.epam.dlab.auth.SecurityUnauthorizedHandler,services/dlab-auth-common/src/main/java/com/epam/dlab/auth/SecurityUnauthorizedHandler.java
6593325,no_file,feature envy,function,git@github.com:epam/DLab.git,/services/self-service/src/main/java/com/epam/dlab/backendapi/resources/callback/azure/KeyUploaderCallbackAzure.java,55,64,com.epam.dlab.backendapi.resources.callback.azure.KeyUploaderCallbackAzure#loadKeyResponse UploadFileResult<EdgeInfoAzure>,services/self-service/src/main/java/com/epam/dlab/backendapi/resources/callback/azure/KeyUploaderCallbackAzure.java
6595547,no_file,long method,function,git@github.com:epam/DLab.git,/services/provisioning-service/src/main/java/com/epam/dlab/backendapi/resources/aws/ComputationalResourceAws.java,178,180,com.epam.dlab.backendapi.resources.aws.ComputationalResourceAws#nameContainer String|DockerAction|String|String,services/provisioning-service/src/main/java/com/epam/dlab/backendapi/resources/aws/ComputationalResourceAws.java
6594892,no_file,feature envy,function,git@github.com:epam/DLab.git,/services/dlab-webapp-common/src/main/java/com/epam/dlab/rest/mappers/ResourceNotFoundExceptionMapper.java,28,34,com.epam.dlab.rest.mappers.ResourceNotFoundExceptionMapper#toResponse ResourceNotFoundException,services/dlab-webapp-common/src/main/java/com/epam/dlab/rest/mappers/ResourceNotFoundExceptionMapper.java
6595424,no_file,feature envy,function,git@github.com:epam/DLab.git,/services/self-service/src/main/java/com/epam/dlab/backendapi/dao/BillingDAO.java,83,98,com.epam.dlab.backendapi.dao.BillingDAO#getUserInstances,services/self-service/src/main/java/com/epam/dlab/backendapi/dao/BillingDAO.java
7243958,no_file,blob,class,git@github.com:salesforce/Argus.git,/ArgusCore/src/main/java/com/salesforce/dva/argus/entity/Trigger.java,88,491,com.salesforce.dva.argus.entity.Trigger,ArgusCore/src/main/java/com/salesforce/dva/argus/entity/Trigger.java
7244146,no_file,blob,class,git@github.com:salesforce/Argus.git,/ArgusCore/src/main/java/com/salesforce/dva/argus/service/schema/ScopeAndMetricOnlySchemaRecordList.java,77,91,com.salesforce.dva.argus.service.schema.ScopeAndMetricOnlySchemaRecordList.CreateSerializer,ArgusCore/src/main/java/com/salesforce/dva/argus/service/schema/ScopeAndMetricOnlySchemaRecordList.java
7242039,no_file,data class,class,git@github.com:salesforce/Argus.git,/ArgusCore/src/main/java/com/salesforce/dva/argus/service/metric/transform/IncludeTransform.java,47,86,com.salesforce.dva.argus.service.metric.transform.IncludeTransform,ArgusCore/src/main/java/com/salesforce/dva/argus/service/metric/transform/IncludeTransform.java
7294676,no_entity,long method,function,git@github.com:spring-projects/grails-ide.git,/org.grails.ide.eclipse.explorer/src/org/grails/ide/eclipse/explorer/preferences/GrailsExplorerPreferencesPage.java,59,67,org.grails.ide.eclipse.explorer.preferences.GrailsExplorerPreferencesPage#getText Object,line 59
